,ranking,name,year,genre,rating,summary,director,actor_1,actor_2,actor_3,actor_4,certificate
0,1,The Witcher 3: Wild Hunt - Blood and Wine,2016,"['Action', ' Adventure', ' Drama']",9.8,Geralt is in the southern province of Toussaint where a monstrous serial killer is targeting knights with a dark past. Geralt and his old vampire friend investigate the killer's motives.,Konrad Tomaszkiewicz,Doug Cockle,MyAnna Buring,Antonia Bernath,Mark Noble,
1,2,Red Dead Redemption II,2018,"['Action', ' Adventure', ' Crime']",9.7,"Amidst the decline of the Wild West at the turn of the 20th century, outlaw Arthur Morgan and his gang struggle to cope with the loss of their way of life.",Benjamin Byron Davis,Roger Clark,Rob Wiethoff,Cali Elizabeth Moore,,M
2,3,The Witcher 3: Wild Hunt,2015,"['Action', ' Adventure', ' Drama']",9.7,A monster hunter for hire embarks on an epic journey to find his former apprentice before The Wild Hunt can capture her and bring about the destruction of the world.,Konrad Tomaszkiewicz,Doug Cockle,Denise Gough,Jo Wyatt,Jaimi Barbakoff,M
3,4,The Last of Us,2013,"['Action', ' Adventure', ' Drama']",9.7,"In a hostile, post-pandemic world, Joel and Ellie, brought together by desperate circumstances, must rely on each other to survive a brutal journey across what remains of the United States.",Neil Druckmann,Jeffrey Pierce,Ashley Johnson,Troy Baker,Hana Hayes,M
4,5,Mass Effect: Legendary Edition,2021,"['Action', ' Adventure', ' Sci-Fi']",9.7,A compilation of the first three Mass Effect games.,Casey Hudson,Seth Green,Steven Barr,Kimberly Brooks,Keith David,M
5,6,God of War,2018,"['Action', ' Adventure', ' Drama']",9.6,"After wiping out the gods of Mount Olympus, Kratos moves on to the frigid lands of Scandinavia, where he and his son must embark on an odyssey across a dangerous world of gods and monsters.",Cory Barlog,Christopher Judge,Sunny Suljic,Jeremy Davies,Danielle Bisutti,M
6,7,Persona 5 Royal,2019,"['Action', ' Adventure', ' Fantasy']",9.6,A group of high school students create a vigilante group to expose the crimes of corrupt adults but soon find themselves in the midst of a worldwide conspiracy and targeted by powerful individuals who would do anything to silence them.,Daiki Itô,Jun Fukuyama,Ikue Ôtani,Mamoru Miyano,Nana Mizuki,M
7,8,The Legend of Zelda: Ocarina of Time,1998,"['Action', ' Adventure', ' Fantasy']",9.6,A young Kokiri boy discovers that his destiny is to free the Seven Sages and save the land of Hyrule from the treacherous sorcerer Ganondorf.,Eiji Aonuma,Nobuyuki Hiyama,Yoshiaki Koizumi,Shigeru Miyamoto,Tôru Ôsawa,E
8,9,Metal Gear Solid,1998,"['Action', ' Adventure', ' Drama']",9.6,"A crack government anti-terrorist squad takes over an obscure Alaskan nuclear disposal facility. Solid Snake is up for the task to infiltrate the facility, rescue the two hostages and thwart the terrorists' plans.",Hideo Kojima,David Hayter,Patric Zimmerman,Peter Lurie,Akio Ôtsuka,M
9,10,The Witcher 3: Wild Hunt - Hearts of Stone,2015,"['Action', ' Adventure', ' Drama']",9.5,"Geralt is forced by a seemingly harmless merchant with sinister powers to complete three difficult tasks for a bored immortal, once a troubled nobleman who made a deal with the devil.",Konrad Tomaszkiewicz,Doug Cockle,Susannah Fielding,Paul Thornley,Alex Norton,
10,11,Uncharted 4: A Thief's End,2016,"['Action', ' Adventure', ' Drama']",9.5,"Thrown back into the dangerous underworld he'd tried to leave behind, Nathan Drake must decide what he's willing to sacrifice to save the ones he loves.",Neil Druckmann,Emily Rose,Nolan North,Troy Baker,Richard McGonagle,T
11,12,Grand Theft Auto V,2013,"['Action', ' Crime', ' Drama']",9.5,Three very different criminals team up for a series of heists in the corrupt city of Los Santos.,Shawn Fonteno,Ned Luke,Steven Ogg,Gerald 'Slink' Johnson,,M
12,13,Mass Effect 2,2010,"['Action', ' Adventure', ' Sci-Fi']",9.5,"After being revived from death and having to join a pro-human organization without a choice, Commander Shepard must assemble a team, battle a new threat, and make tough choices in order to save the galaxy from total annihilation once more.",Casey Hudson,Shohreh Aghdashloo,Maggie Baird,Adam Baldwin,Michael Beattie,M
13,14,Half-Life: Alyx,2020,"['Action', ' Adventure', ' Horror']",9.5,"A VR game of an impossible fight against a vicious alien race known as the Combine, set between the events of Half-Life and Half-Life 2. Play as Alyx Vance, humanity's only chance for survival.",Ozioma Akagha,James Moses Black,Rhys Darby,Tony Todd,,
14,15,Metal Gear Solid 3: Subsistence,2005,"['Action', ' Adventure', ' Drama']",9.5,"Enhanced version of  (2004) with many added features; such as the free range camera, new camouflage outfits, bonus levels and a theater mode.",Hideo Kojima,David Hayter,Suzetta Miñet,Jim Piddock,Heather Halley,M
15,16,Metal Gear Solid 3: Snake Eater,2004,"['Action', ' Adventure', ' Drama']",9.5,"In 1964, a U.S. government operative codenamed ""Snake"" must infiltrate mountainous Soviet territory to rescue a scientist building a weapon of terrible power.",Hideo Kojima,David Hayter,Suzetta Miñet,Jim Piddock,Heather Halley,M
16,17,Star Wars: Knights of the Old Republic,2003,"['Action', ' Adventure', ' Fantasy']",9.5,"A republic soldier, training to become a Jedi Knight, is given the task of halting the conquest of Darth Malak by discovering the location of a weapon known as the Star Forge.",Casey Hudson,Jennifer Hale,Raphael Sbarge,Rafael Ferrer,John Cygan,T
17,18,Chrono Trigger,1995,"['Action', ' Adventure', ' Fantasy']",9.5,"Crono, a young boy, is thrust to adventure by destiny to destroy an oncoming threat that will destroy the world in 1999.",Yoshinori Kitase,Akihiko Matsui,Takashi Tokita,Nao Ito,,
18,19,Final Fantasy VII,1997,"['Action', ' Adventure', ' Fantasy']",9.5,A former soldier from an evil company joins a mercenary clan to fight the company he once served.,Yoshinori Kitase,Yasushi Matsumura,Masato Yagi,,,T
19,20,Bloodborne: The Old Hunters,2015,"['Action', ' Adventure', ' Fantasy']",9.4,"In this DLC for Bloodborne, the player-Hunter is transported to the sinister Hunter's Nightmare, a demented place where hunters who become drunk with blood are sent to.",Hidetaka Miyazaki,Evetta Muradasilova,Des McAleer,Grant Gillespie,Lotte Rice,
20,21,The Legend of Zelda: Breath of the Wild,2017,"['Action', ' Adventure', ' Fantasy']",9.4,"After a century of hibernation, Link reawakens to once again save a ruined Hyrule from a great evil.",Hidemaro Fujibayashi,Kôji Takeda,Kentaro Tominaga,Kengo Takanashi,Yû Shimamura,E10+
21,22,The Elder Scrolls V: Skyrim,2011,"['Action', ' Adventure', ' Fantasy']",9.4,"After escaping execution, the last living Dragonborn must grow in strength and power to defeat the dragons that have once again begun to plague the land of Skyrim.",Todd Howard,Michael Hogan,Max von Sydow,Christopher Plummer,Joan Allen,M
22,23,Portal 2,2011,"['Adventure', ' Comedy', ' Sci-Fi']",9.4,"Many years after ""Portal,"" Chell reawakens at Aperture Science and tries to stop GLADoS once again with the help of Wheatley, who has his own plans for the historical facility.",Ellen McLain,Stephen Merchant,J.K. Simmons,Joe Micheals,,E10+
23,24,Batman: Arkham City,2011,"['Action', ' Adventure', ' Crime']",9.4,"When part of Gotham is turned into a private reserve for criminals known as Arkham City, all hell is sure to break loose, and the Dark Knight is the only one who can stop it.",Sefton Hill,Kevin Conroy,Mark Hamill,David Kaye,Carlos Alazraqui,T
24,25,Red Dead Redemption,2010,"['Action', ' Adventure', ' Crime']",9.4,A former outlaw is forced by the federal government to hunt down the members of his old gang.,Rob Wiethoff,Josh Blaylock,Sophia Marzocchi,Spider Madison,,M
25,26,Uncharted 2: Among Thieves,2009,"['Action', ' Adventure', ' Fantasy']",9.4,"After being tracked down by Harry Flynn, Nathan Drake goes on a quest for Marco Polo's lost fleet. However when things take an unexpected turn for the worst, Drake must rely on those closest to him in order to find the Cintomani Stone.",Amy Hennig,Richard McGonagle,Nolan North,Emily Rose,Claudia Black,T
26,27,Metal Gear Solid 4: Guns of the Patriots,2008,"['Action', ' Adventure', ' Drama']",9.4,"When the nations of the world rely upon private military companies to fight their battles for them, renegade Liquid Ocelot emerges as the head of a potent coalition of mercenary powers. Solid Snake returns to save the world once again.",Hideo Kojima,David Hayter,Josh Keaton,Peter Lurie,Paul Eiding,M
27,28,Grand Theft Auto: San Andreas,2004,"['Action', ' Crime']",9.4,"A family tragedy prompts gangster Carl ""CJ"" Johnson to return home, only to find it overrun by crime and corruption, which he must regain control of the streets before it gets even worse.",Young Maylay,Faizon Love,Yolanda 'Yo-Yo' Whittaker,Clifton Powell,,M
28,29,Half-Life 2,2004,"['Action', ' Adventure', ' Sci-Fi']",9.4,"Dr. Freeman is taken out of stasis by his ""employer"" to help rid the planet of invading aliens forces known as the Combine that entered through the portals he helped create.",David Speyrer,Robert Guillaume,Robert Culp,Louis Gossett Jr.,Michelle Forbes,M
29,30,Silent Hill 2,2001,"['Drama', ' Horror', ' Mystery']",9.4,"After receiving a letter from his late wife, from Silent Hill, James Sunderland makes his way to the town in an attempt to find her.",Takayuki Kobayashi,David Schaufele,Guy Cihi,Monica Horgan,Donna Burke,M
30,31,Baldur's Gate II: Shadows of Amn,2000,"['Action', ' Adventure', ' Fantasy']",9.4,"Jon Irenicus, a sadistic secretive powerful mage bent on revenge, captures Gorion's ward and his/her party for a diabolical experiment.",Feargus Urquhart,David Warner,Charlie Adler,Dee Bradley Baker,Michael Bell,T
31,32,Planescape: Torment,1999,"['Adventure', ' Drama', ' Fantasy']",9.4,"In the city of Sigil, the only place from which all realities of the Planescape universe can be reached, an immortal amnesiac, the Nameless One, must uncover his past, the mystery of his immortality as well as who's trying to kill him.",Michael T. Weiss,Rob Paulsen,Jennifer Hale,Sheena Easton,,T
32,33,Fallout 2: A Post-Nuclear Role-Playing Game,1998,"['Action', ' Adventure', ' Sci-Fi']",9.4,"In a post-nuclear future, the descendant of an ancient exiled hero must leave his tribe in search of the Garden of Eden Creation Kit, the last chance of survival for his people.",Feargus Urquhart,Charlie Adler,Ron Perlman,Dwight Schultz,Jason Marsden,M
33,34,Ghost of Tsushima,2020,"['Action', ' Adventure', ' Drama']",9.3,"Set in 1274 on the Tsushima Island, the last samurai, Jin Sakai, must master a new fighting style, the way of the Ghost, to defeat the Mongol forces and fight for the freedom and independence of Japan.",Nate Fox,Daisuke Tsuji,Eric Steinberg,Sumalee Montano,Patrick Gallagher,M
34,35,Batman: Return to Arkham,2016,"['Action', ' Adventure', ' Crime']",9.3,Batman: Return to Arkham thrusts players back into the environments of Arkham Asylum and Arkham City with a remastered graphics engine and all DLC.,Sefton Hill,Mark Hamill,Kevin Conroy,Arleen Sorkin,Tom Kane,T
35,36,Persona 5,2016,"['Action', ' Adventure', ' Fantasy']",9.3,A group of high school students create a vigilante group to expose the crimes of corrupt adults but soon find themselves in the midst of a worldwide conspiracy and targeted by powerful individuals who would do anything to silence them.,Katsura Hashino,Jun Fukuyama,Mamoru Miyano,Nana Mizuki,Ikue Ôtani,M
36,37,Kingdom Hearts HD 1.5 Remix,2013,"['Action', ' Adventure', ' Family']",9.1,"A compilation of three classic games, Kingdom Hearts Final Mix (updated version of the original Kingdom Hearts game,  (2007) and  (2009).",Tetsuya Nomura,Billy Zane,Haley Joel Osment,Hayden Panettiere,David Gallagher,E10+
37,38,P.T.,2014,"['Horror', ' Mystery']",9.3,"The player must navigate a series of continuously looping hallways, solving cryptic puzzles, all while being hunted by a hostile apparition named Lisa.",Guillermo del Toro,Hideo Kojima,Norman Reedus,,,Not Rated
38,39,Persona 4 Golden,2012,"['Action', ' Adventure', ' Fantasy']",9.3,"A group of high school students discover a hidden TV world called 'The Midnight Channel', an alternate reality infested with shadows that is being used to commit murder. After awakening to their Personas, the group decides to investigate.",Daiki Itô,Shôtarô Morikubo,Teppei Kobayashi,Atsushi Watanabe,Daisuke Namikawa,M
39,40,It Takes Two,2021,"['Adventure', ' Comedy', ' Drama']",9.3,"Embark on the craziest journey of your life in It Takes Two, a genre-bending platform adventure created purely for co-op. Invite a friend to join for free with Friend's Pass and work ...                 »",Josef Fares,Joseph Balderrama,Annabelle Dowler,Clare Corbett,Stephen Greif,
40,41,Shin Megami Tensei: Persona 4,2008,"['Action', ' Adventure', ' Fantasy']",9.2,"A high school student forms a group that explores a hidden world accessible through TV sets to find a connection between the ""realm of shadows"" and the mysterious murders in their town.",Katsura Hashino,Yui Horie,Susumu Nishizawa,Daisuke Namikawa,Shôtarô Morikubo,M
41,42,Kingdom Hearts II: Final Mix+,2007,"['Action', ' Adventure', ' Family']",9.3,Sora and friends must set out on another adventure to find his long lost friends and stop Organization XIII.,Tetsuya Nomura,Haley Joel Osment,David Gallagher,Hayden Panettiere,Jesse McCartney,
42,43,Shadow of the Colossus,2005,"['Action', ' Adventure', ' Drama']",9.3,A young man brings a deceased woman to a forbidden land inhabited by colossal beings said to house the power to revive the dead.,Fumito Ueda,Kenji Nojima,Kazuhiro Nakata,Kyôko Hikami,Naoki Bando,T
43,44,Kingdom Hearts II,2005,"['Action', ' Adventure', ' Family']",9.3,"Sora and friends face mysterious new enemies as they continue their journey to save all worlds, and find Riku and King Mickey.",Tetsuya Nomura,Haley Joel Osment,David Gallagher,Hayden Panettiere,Jesse McCartney,E10+
44,45,Suikoden II,1998,"['Action', ' Adventure', ' Drama']",9.2,"Three years after the Gate Rune War, the 108 Stars of Destiny once again gather to protect the City-State of Jowston from the invading Kingdom of Highland, led by the demonic Luca Blight.",Yoshitaka Murayama,,,,,T
45,46,The Legend of Zelda: A Link to the Past,1991,"['Action', ' Adventure', ' Fantasy']",9.3,"The wizard Agahnim has abducted seven maidens, intent on using their power to open a portal to the Dark World. Armed with a trusty sword and shield, Link begins a great and treacherous journey.",Takashi Tezuka,Hidemaro Fujibayashi,Fujiko Takimoto,,,
46,47,The Secret of Monkey Island,1990,"['Adventure', ' Comedy', ' Fantasy']",9.3,"Young pirate wanna-be Guybrush Threepwood sets out to pass the Three Trials, woo the governess Elaine Marley, reach the fabled Monkey Island and vanquish the nefarious ghost pirate LeChuck.",Ron Gilbert,Leilani Jones,Dominic Armato,Earl Boen,Alexandra Boyd,E
47,48,Super Mario World,1990,"['Action', ' Adventure', ' Family']",9.3,"While Mario and Luigi are vacationing in Dinosaur Land, Bowser kidnaps the Princess. Mario and his new dino friend Yoshi go on a mission to save her.",Takashi Tezuka,,,,,E
48,49,Spider-Man,2018,"['Action', ' Adventure', ' Fantasy']",9.2,"When a new villain threatens New York City, Peter Parker and Spider-Man's worlds collide. To save the city and those he loves, he must rise up and be greater.",Ryan Smith,Yuri Lowenthal,Tara Platt,Travis Willingham,William Salyers,T
49,50,Detroit: Become Human,2018,"['Action', ' Drama', ' Mystery']",9.2,Take control of three androids in their quest to discover who they really are.,David Cage,Valorie Curry,Bryan Dechart,Jesse Williams,Audrey Boustani,M
50,51,Bloodborne,2015,"['Action', ' Adventure', ' Fantasy']",9.2,"A hunter awakens in the plagued lands of Yharnam, where the denizens have succumb to beast hood, in an attempt to learn the truth and how to end the plague, unbeknownst of the true horror lurking within the city.",Hidetaka Miyazaki,Daniel Fine,Joe Sims,William Vanderpuye,Andrew Tiernan,M
51,52,The Walking Dead,2012,"['Drama', ' Horror', ' Sci-Fi']",9.2,"In a world devastated by the undead, a convicted criminal is given a second chance at life when he comes across a little girl named Clementine.",Sean Ainsworth,Sean Vanaman,Dennis Lenart,Eric Parsons,Jake Rodkin,M
52,53,Batman: Arkham Asylum,2009,"['Action', ' Crime', ' Fantasy']",9.2,You control Batman as he fights to subdue The Joker and his fellow inmates when they seize control of the Asylum on Arkham Island.,Sefton Hill,Mark Hamill,Kevin Conroy,Arleen Sorkin,Tom Kane,T
53,54,Mass Effect,2007,"['Action', ' Adventure', ' Sci-Fi']",9.2,"In a technologically advanced future, an elite human soldier takes command of a prototype star ship and works to defend the galaxy from danger.",Casey Hudson,Steven Barr,Kimberly Brooks,Keith David,Seth Green,M
54,55,God of War II,2007,"['Action', ' Adventure', ' Fantasy']",9.2,"After being betrayed by the gods of Olympus and annulled of his divine powers, Kratos must embark on a journey to meet the Sisters of Fate and take his revenge on Olympus.",Cory Barlog,Linda Hunt,Terrence 'T.C.' Carson,Michael Clarke Duncan,Carole Ruggier,M
55,56,Resident Evil 4,2005,"['Action', ' Adventure', ' Horror']",9.2,"Six years after the events in Raccoon City, Leon Kennedy, now a federal agent, is sent to a rural part of Spain to rescue the U.S. President's kidnapped daughter, Ashley Graham from a sinister cult.",Kuniomi Matsushita,Salli Saffioti,Paul Mercier,Carolyn Lawrence,Rino Romano,M
56,57,Mafia: The City of Lost Heaven,2002,"['Action', ' Crime', ' Drama']",9.2,You play a 1930s mobster as you act out your confession of your rise in the ranks of organized crime.,Daniel Vávra,Michael Sorvino,William DeMeo,George DiCenzo,Matt Servitto,M
57,58,Kingdom Hearts,2002,"['Action', ' Adventure', ' Family']",9.2,"When his world is destroyed and his friends mysteriously disappear, a young boy named Sora is thrust into a quest to find his missing friends and prevent the armies of darkness from destroying many other worlds.",Tetsuya Nomura,Miyu Irino,Mamoru Miyano,Risa Uchida,Kôichi Yamadera,E
58,59,Grand Theft Auto: Vice City,2002,"['Action', ' Crime', ' Drama']",9.2,"After being released from jail, Tommy Vercetti left Liberty City for Vice City, a city overrun by the mob. Now, Tommy is out to make Vice City his home.",Ray Liotta,William Fichtner,Tom Sizemore,Dennis Hopper,,M
59,60,Max Payne,2001,"['Action', ' Crime', ' Drama']",9.2,"A troubled NYPD cop is framed for murder and finds himself being hunted by the police, the mob, and a ruthless corporation.",James McCaffrey,Haviland Morris,Chris Phillips,Jane Gennaro,,M
60,61,Deus Ex,2000,"['Action', ' Adventure', ' Drama']",9.2,"In a dark cyberpunk future where poverty, disease, oppression and terrorism are widespread, J.C. Denton, a new cybernetically-enhanced special agent, finds evidence of a massive conspiracy when his brother, also an agent, goes rogue.",Warren Spector,Jay Anthony Franke,Brent Anderson,Ralph Barbagallo,Chad Bannon,M
61,62,Castlevania: Symphony of the Night,1997,"['Action', ' Adventure', ' Fantasy']",9.2,"Richter Belmont has vanished just as Castlevania reemerged from the mists. Meanwhile, Alucard, the bastard son of Dracula, has awakened from his eternal slumber, intent on destroying his evil father once and for all.",Toru Hagihara,Robert Belgrade,Ramsay Scott,Kimberly Forsythe,Michael Guinn,T
62,63,Super Mario Bros. 3,1988,"['Action', ' Adventure', ' Family']",9.2,"King Koopa has kidnapped Princess Toadstool, taken over all seven kingdoms in the Mushroom World, and put his seven kids in charge of all of them. It's the Mario Brothers to the rescue.",Shigeru Miyamoto,Takashi Tezuka,,,,
63,64,Monkey Island 2: LeChuck's Revenge,1991,"['Adventure', ' Comedy', ' Fantasy']",9.3,"Having vanquished the ghost pirate LeChuck with a soft drink, Guybrush Threepwood now seeks the treasure of Big Whoop. During his quest he discovers LeChuck is back from the dead. Once again.",Ron Gilbert,Dominic Armato,Earl Boen,Alexandra Boyd,Leilani Jones,
64,65,Half-Life,1998,"['Action', ' Sci-Fi', ' Thriller']",9.2,Dr. Gordon Freeman must fight his way out of a secret research facility after a teleportation experiment goes disastrously wrong.,Randy Pitchford,Kathy Levin,Lani Minella,Brice Armstrong,Harry S. Robins,M
65,66,Grim Fandango,1998,"['Adventure', ' Comedy', ' Crime']",9.2,Manuel Calavera is a travel agent in The Land of the Dead who has stumbled across a ring of corruption.,Tim Schafer,Tony Plana,Maria Canals-Barrera,Alan Blumenfeld,Pamela Adlon,T
66,67,Fallout: A Post-Nuclear Role-Playing Game,1997,"['Action', ' Adventure', ' Sci-Fi']",9.2,"After being sent by the overseer of his vault to search for a new water purifying chip, the player discovers the horrors of post apocalyptic America, and the threat of the Master's Army.",Feargus Urquhart,Charlie Adler,Richard Dean Anderson,Jeff Bennett,Clancy Brown,M
67,68,Ori and the Will of the Wisps,2020,"['Adventure', ' Fantasy']",9.1,"Ori begins a new journey that goes beyond the forest of Nibel where he uncovers lost secrets, and unearths his true destiny.",Erik Braa,Boris Hiestand,Jennifer Losi,Tiana Camacho,,E
68,69,Resident Evil 2,2019,"['Action', ' Horror', ' Sci-Fi']",9.1,"Re-imagining of  (1998), with a third-person over-the-shoulder view, new details, rearranged and new areas, no more loading screen doors, new puzzle solving opportunities, a gunpowder crafting mechanic and more.",Yasuhiro Anpo,Eliza Pryor,Nick Apostolides,Stephanie Panisello,Jolene Andersen,M
69,70,Dark Souls III,2016,"['Action', ' Adventure', ' Fantasy']",9.1,"The fire is fading. Darkness creeps across the land. The Lords of Cinder charged with watching over the First Flame have abandoned their thrones. The Champion of Ash, an undead is chosen to return them to their thrones.",Hidetaka Miyazaki,Roger Ringrose,Yui Tanimura,Pik Sen Lim,Olivia Mace,M
70,71,Horizon Zero Dawn,2017,"['Action', ' Adventure', ' Mystery']",9.1,"In a primitive tribal world where strange, monstrous, animalistic machines roam the wilderness, a brave young female warrior goes on a quest to learn the truth about her mysterious origin and the state the world is in.",Mathijs de Jonge,Ashly Burch,Laura van Tol,Ava Potter,JB Blanc,T
71,72,Mob of the Dead,2013,"['Action', ' Horror', ' Thriller']",9.1,"Mob of the Dead, featured in the DLC pack Uprising for  (2012) introduces a main Zombies map set in Alcatraz Prison around the 1930's.",Corky Lehmkuhl,Craig Houston,Ray Liotta,Michael Madsen,Nolan North,
72,73,Dark Souls,2011,"['Action', ' Adventure', ' Fantasy']",9.1,"After narrowly escaping a doomed fate in an asylum, an undead warrior fights his way through the desolate remains of Lordran, once a sprawling utopia lead by the gods, to seek his purpose and fulfill a centuries old prophecy.",Hidetaka Miyazaki,Adam Sopp,Andy Gathergood,Blake Ritson,Charlie Cameron,M
73,74,Mass Effect 3,2012,"['Action', ' Adventure', ' Sci-Fi']",9.1,"Earth is under attack by a monstrous race of gigantic living ships known as the Reapers. Even if Commander Shepard could unite all surviving species in the galaxy, only a miracle could save them. Then again, Shepard did come back from the dead.",Casey Hudson,Jennifer Hale,Mark Meer,Kimberly Brooks,Raphael Sbarge,M
74,75,BioShock Infinite,2013,"['Action', ' Adventure', ' Drama']",9.1,"A man is sent to the flying city of Columbia to find a missing girl. However, upon arrival he discovers that the city, its people, and his objective are all not what they seem.",Ken Levine,Troy Baker,Courtnee Draper,Kiff VandenHeuvel,Laura Bailey,M
75,76,Dragon Age: Origins,2009,"['Action', ' Adventure', ' Fantasy']",9.1,"After four hundred years since the last Blight, a new Archdemon seeks to destroy the land of Ferelden. It is up to the player - as one of the remaining Grey Wardens - to unite the divided armies of Ferelden and save humanity.",Dan Tudge,Steve Valentine,Peter Renaday,Kate Mulgrew,Tim Curry,M
76,77,Gothic II: Night of the Raven,2003,"['Action', ' Adventure', ' Fantasy']",9.0,"Expansion pack for  (2002) with the addition of a world called Jharkendar, and new attributes, items, and weapons.",,,,,,
77,78,Ratchet & Clank: Rift Apart,2021,"['Action', ' Adventure', ' Comedy']",9.0,"They've travelled through space. They've travelled through time. Now, they'll have to travel through dimensions as their galaxy seems to rip itself apart. Ratchet and Clank must save the universe - again.",James Arnold Taylor,Jennifer Hale,David Kaye,Debra Wilson,,E10+
78,79,Assassin's Creed II,2009,"['Action', ' Adventure', ' History']",9.1,"Desmond Miles is trained to become a modern-day Assassin through the resurrected memories of ancestor Ezio Auditore da Firenze, who uncovers a massive Templar conspiracy in Renaissance Italy leading to the new Pope.",Sylvain Bernard,Fred Tatasciore,Roger Craig Smith,Kristen Bell,Nolan North,M
79,80,God of War III,2010,"['Action', ' Adventure', ' Fantasy']",9.1,"Armed with his deadly double-chained blades, Kratos must take on Greek mythology's darkest creatures to destroy Olympus and the mighty Zeus himself.",Stig Asmussen,George Ball,Adrienne Barbeau,Susanne Blakeslee,Clancy Brown,M
80,81,Portal,2007,"['Adventure', ' Comedy', ' Sci-Fi']",9.1,A test subject wakes up in a scientific facility controlled by a sadistic artificial intelligence and must escape with the help of the only instrument she has--a gun that makes portals.,Ellen McLain,Mike Patton,Alesia Glidewell,Jeep Barnett,,T
81,82,Disco Elysium,2019,"['Comedy', ' Crime', ' Drama']",9.1,You're a detective tasked with solving a murder in the strange world of Elysium. Utilize a new and innovative skill system to be the detective you want to be. Become a hero or an absolute disaster of a human being.,Mikee W. Goodman,Jullian Champenois,Tariq Khan,Dasha Nekrasova,,
82,83,BioShock,2007,"['Action', ' Adventure', ' Horror']",9.1,"In 1960, a lone survivor of a plane crash named Jack discovers an abandoned underwater utopia, only to find out that the mystery behind its creation is much more sinister than he first believed.",Ken Levine,John Ahlin,Greg Baldwin,Jane Beller,Susanne Blakeslee,M
83,84,Fallout 3,2008,"['Action', ' Adventure', ' Sci-Fi']",9.1,"Centuries following nuclear war, a teen leaves the safety of an underground vault in order to find their father, who left in hopes of creating a water purifier.",Todd Howard,Liam Neeson,Malcolm McDowell,Ron Perlman,Odette Annable,M
84,85,Gothic II,2002,"['Action', ' Adventure', ' Fantasy']",9.1,"Rescued from the ruins of the temple of the sleeper, the nameless hero faces another great challenge when Beliar, one of the three gods, summons a tremendous army in the mine valley.",Renier Baaken,Michael Deckner,Sabine Mièl Fischer,Dieter Gring,,M
85,86,Half-Life 2: Episode Two,2007,"['Action', ' Adventure', ' Sci-Fi']",9.1,"Gordon Freeman, along with the help of human and non-human allies, continues his fight against the ruthless alien force known as the Combine.",David Speyrer,Robert Guillaume,Merle Dandridge,Tony Todd,John Aylward,M
86,87,Vampire: The Masquerade - Bloodlines,2004,"['Action', ' Drama', ' Fantasy']",9.1,"Beginning your journey as a new Kindred, you must choose your path to follow the high class Vampire Society, or the lawbreaking group of Anarchs as you find your place in this new world.",Jason Anderson,Courtenay Taylor,André Sogliuzzo,Andy Milder,Armando Valdes-Kennedy,M
87,88,Paper Mario: The Thousand-Year Door,2004,"['Adventure', ' Fantasy']",9.1,Mario must find all the seven crystal stars to enter the Thousand-Year-Door and save Princess Peach.,Ryota Kawade,Charles Martinet,Jen Taylor,Scott Burns,,E
88,89,God of War,2005,"['Action', ' Adventure', ' Fantasy']",9.1,"After 10 years of endless nightmares and servitude to the gods of Olympus, Kratos is assigned with a final task, to kill Ares, the God of War.",David Jaffe,Steve Blum,Linda Hunt,Terrence 'T.C.' Carson,Carole Ruggier,M
89,90,Max Payne 2: The Fall of Max Payne,2003,"['Action', ' Crime', ' Drama']",9.1,"The brooding cop has left the DEA and returned to the NYPD. When his latest case ends up involving the thought-dead femme fatale Mona Sax, he finds that his journey through the night is far from over.",James McCaffrey,Wendy Hoopes,Jonathan Davis,Vince Viverito,,M
90,91,Metal Gear Solid,2000,"['Action', ' Adventure', ' Sci-Fi']",9.1,Solid Snake is called upon from his home in Alaska to infiltrate an enemy base searching for Metal Gear.,Shinta Nojiri,,,,,E
91,92,Resident Evil,2002,"['Action', ' Horror', ' Mystery']",9.1,"Remake of the first game in which the RPD squad, Jill and Chris, are forced to flee into a mysterious mansion. Featuring new gameplay mechanics, revised puzzles, additional explorable areas, a revised script, and new story details.",Shinji Mikami,Joe Whyte,Heidi Anderson-Swan,Ed Smaron,Hope Levy,M
92,93,X-COM: UFO Defense,1994,"['Action', ' Sci-Fi', ' Thriller']",9.1,"Because aliens are attempting to invade the Earth, you will have to command X-com, an international organisation to fight the alien invasion. By shooting down UFO's and recovering ...                 »",Julian Gollop,,,,,
93,94,Shenmue II,2001,"['Action', ' Adventure', ' Crime']",9.1,Ryo continues his quest of vengence for his father. In his second outing Ryo must travel to Hong Kong to have a lethal face off with Lan-Di.,Shin Ishikawa,Eric Kelso,Takao Yotsuji,Corey Marshall,Akasha Scholen,T
94,95,Final Fantasy X,2001,"['Adventure', ' Fantasy', ' Romance']",9.1,A celebrated young athlete is drawn from his futuristic hometown and convenient lifestyle to a harsh and techno-phobic land by a mysterious force only known as Sin.,Yoshinori Kitase,James Arnold Taylor,Hedy Burress,John DiMaggio,Paula Tiso,T
95,96,Baldur's Gate II: Throne of Bhaal,2001,"['Action', ' Adventure', ' Fantasy']",9.1,"The main character, Gorion's ward, and his or her party must overcome five children of the dead god Bhaal, who've raised armies to conquer the world through carnage and claim their father's sinister throne and title.",Feargus Urquhart,Michael Bell,Jeff Bennett,Keith Compton,Jim Cummings,
96,97,The Legend of Zelda: Majora's Mask,2000,"['Action', ' Adventure', ' Family']",9.1,"After becoming the hero of Hyrule, Link stumbles into the enchanted land of Termina, where a falling moon will crush the world in three days.",Eiji Aonuma,Mari Maruta,Fujiko Takimoto,Sachi Matsumoto,Kôji Tobe,E
97,98,Indiana Jones and the Fate of Atlantis,1992,"['Action', ' Adventure', ' Fantasy']",9.1,"Indiana Jones must fight the nazis again in search for Atlantis and a newly discovered mineral of unbelievable power, the Orichalcum.",Hal Barwood,Denny Delk,David Gitin,Jane Jacobs,Nick Jameson,
98,99,Shenmue,1999,"['Action', ' Adventure', ' Crime']",9.1,"Ryo, a respected Japanese student sees his father killed in front of his own eyes. He sets out to find the man in charge of his fathers death and the mystery of who and why?",Keiji Okayasu,Robert Jefferson,Hiroshi Fujioka,Masaya Matsukaze,Corey Marshall,T
99,100,StarCraft,1998,"['Action', ' Adventure', ' Sci-Fi']",9.1,"In 2499 in the Koprulu sector, a ferocious collective race known as the Zerg arrives to massacre the exiled human colonies while a highly advanced race, the Protoss, intervenes to exterminate the Zerg.",Chris Metzen,Glynnis Talken,Mark Schwarz,Glenn Stafford,Duane Stinnett,T
100,101,Super Metroid,1994,"['Action', ' Adventure', ' Mystery']",9.1,Samus Aran returns to the brooding planet Zebes to recover the last metroid from the Space Pirates.,Yoshio Sakamoto,Kenji Yamamoto,Dan Owsen,,,
101,102,GoldenEye 007,1997,"['Action', ' Adventure', ' Thriller']",9.1,James Bond must track down agent-turned-terrorist Alec Trevelyan to stop the launch of a powerful satellite. Play the game that set the stage for the First-person shooter genre on the console.,Martin Hollis,Kevin Bayliss,Ken Lobb,Scott Hochberg,,T
102,103,Super Mario 64,1996,"['Action', ' Adventure', ' Comedy']",9.1,"When the evil Bowser steals 120 power stars and traps Princess Peach within the walls of her own castle, it's up to Mario to save her once again.",Shigeru Miyamoto,Charles Martinet,Leslie Swan,,,K-A
103,104,Silent Hill,1999,"['Drama', ' Horror', ' Mystery']",9.1,"Harry awakes from a car crash to notice his daughter, Cheryl, vanished. As he searches through the eerie town of Silent Hill, a terrifying descent into the unknown is set.",Keiichiro Toyama,Michael Guinn,Susan Papa,Thessaly Lerner,Jarion Monroe,M
104,105,Resident Evil 2,1998,"['Action', ' Horror', ' Sci-Fi']",9.1,"Two months after the mansion events, the deadly T-virus escapes into the streets of Raccoon City. Leon Kennedy and Claire Redfield find the police office left abandoned. In an underground facility the story of Umbrella Corp. gets unfolded.",Hideki Kamiya,Paul Haddad,Alyson Court,Sally Cahill,Lisa Jai,M
105,106,The Curse of Monkey Island,1997,"['Adventure', ' Comedy', ' Fantasy']",9.1,"After unwittingly turning his true love Elaine into solid gold with a cursed engagement ring, Guybrush Threepwood must find a map, a ship and a crew, sail to Blood Island and track down an uncursed diamond ring to reverse the curse.",Jonathan Ackley,Denny Delk,Dominic Armato,Alexandra Boyd,Earl Boen,K-A
106,107,Gabriel Knight: Sins of the Fathers,1993,"['Adventure', ' Drama', ' Horror']",9.1,"Gabriel Knight, the owner of a New Orleans, Louisiana bookstore, gets tangled up in the investigation of a series of voodoo-related murders currently plaguing the city.",Jane Jensen,Tim Curry,Mark Hamill,Leah Remini,Virginia Capers,T
107,108,Hades,2018,"['Action', ' Adventure', ' Fantasy']",9.0,"Hades is a rogue-like dungeon crawler from the creators of Bastion and Transistor, in which you defy the god of death as you hack and slash your way out of the Underworld of Greek myth.",Logan Cunningham,Darren Korb,Marin M. Miller,Peter Canavese,,T
108,109,Super Mario Odyssey,2017,"['Animation', ' Action', ' Adventure']",9.0,Mario must travel to worlds unknown in order to stop Bowser from marrying Princess Peach.,Kenta Motokura,Kate Higgins,Nobuyuki Hiyama,Kenny James,Samantha Kelly,E10+
109,110,Psychonauts 2,2021,"['Action', ' Adventure', ' Comedy']",8.9,"The game will pick up after the conclusion of Psychonauts in the Rhombus of Ruin, following Zanotto's rescue, the team returns to Psychonaut Headquarters, where Raz discovers that the ...                 »",Tim Schafer,Richard Steven Horvitz,Carson Annable,Krizia Bajos,Poonam Basu,T
110,111,Yakuza 0,2015,"['Action', ' Crime', ' Drama']",9.0,"Kiryu and Majima, both Yakuza's who are in different cities in Japan in 1988, as the fate of the two characters become intertwined in a gritty, violent, and often touching narrative.",Kazuki Hosokawa,Miyuki Sawashiro,Takaya Kuroda,Hidenari Ugaki,Kazuhiro Nakaya,M
111,112,Batman: Arkham Knight,2015,"['Action', ' Adventure', ' Crime']",9.0,"With his back against the wall, Batman turns to his closest allies to help him save Gotham City from the clutches of Scarecrow and the Arkham Knight's army. A familiar face also returns to give The Dark Knight a message he cannot ignore.",Sefton Hill,Carlos Alazraqui,Laura Bailey,Troy Baker,Jonathan Banks,M
112,113,The Last of Us: Left Behind,2014,"['Action', ' Adventure', ' Drama']",9.0,"Find out what set Ellie on her course to the life changing events in  (2013), whilst filling in the gaps during winter with Joel.",Bruce Straley,Ashley Johnson,Yaani King Mondschein,Troy Baker,Chris Jai Alex,M
113,114,Uncharted 3: Drake's Deception,2011,"['Action', ' Adventure', ' Fantasy']",9.0,"Treasure hunter Nathan Drake embarks on a quest in search of the Atlantis of the Sands while battling an ancient, sinister organization.",Amy Hennig,Claudia Black,Nolan North,Richard McGonagle,Emily Rose,T
114,115,Xenoblade Chronicles,2010,"['Action', ' Adventure', ' Fantasy']",9.0,"In a world of endless ocean, all life lives on the decaying corpses of two gigantic titans, the Bionis and Mechonis. When the army of Mechonis attacks his home, young scientist Shulk sets out for revenge.",Ko Kojima,Ryô Horikawa,Tetsuya Takahashi,Shintarô Asanuma,Eri Nakao,T
115,116,Call of Duty 4: Modern Warfare,2007,"['Action', ' Adventure', ' Thriller']",9.0,"The Call of Duty series returns this time into a modern day setting. The player takes control of a character nicknamed ""Soap,"" for the majority of the campaign and will need to progress through many modern warfare scenarios.",Jason West,Billy Murray,Craig Fairbrass,David Sobolov,Mark Grigsby,M
116,117,Shin Megami Tensei: Persona 3,2006,"['Action', ' Adventure', ' Fantasy']",9.0,A new student arrives at a school full of monsters that attack at night. A team of Persona users recruit him to help battle alongside them to rid the monsters for good.,Katsura Hashino,Akira Ishida,Megumi Toyoguchi,Rie Tanaka,Maaya Sakamoto,M
117,118,Gothic,2001,"['Action', ' Adventure', ' Fantasy']",9.0,An unnamed hero gets thrown in a colony of prisoners surrounded by a magical barrier.,Don Delciappo,Stefan Ashton Frank,Armand Hart,Bradley Lavelle,,
118,119,Super Mario Galaxy,2007,"['Animation', ' Action', ' Adventure']",9.1,"When Princess Peach is abducted as part of Bowser's galaxy creation scheme, stalwart plumber Mario must leap to her rescue, with the help of new celestial friends and powers.",Yoshiaki Koizumi,Charles Martinet,Kenny James,Samantha Kelly,Mercedes Rose,E
119,120,Mother 3,2006,"['Adventure', ' Comedy', ' Drama']",9.0,"A young boy from the island of Tazmily must defeat a familiar enemy and his many cohorts, meeting many new friends along the way.",Nobuyuki Inoue,,,,,T
120,121,The Legend of Zelda: Twilight Princess,2006,"['Action', ' Adventure', ' Fantasy']",9.0,"Link, a young man from a small farming village, finds Hyrule is being consumed by an otherworldly twilight. Guided by a strange pixie named Midna, he endeavors to return light to the land and confront the usurper king Zant.",Eiji Aonuma,Akira Sasanuma,Akiko Kômoto,Hironori Miyata,Junji Kitajima,T
121,122,Heroes of Might and Magic III: The Restoration of Erathia,1999,"['Action', ' Adventure', ' Fantasy']",9.0,"Turn-based strategy game in which the player goes through 7 different campaigns, controlling a number of heroes that command an army of creatures inspired by myth and legend.",David Mullich,Catherine Battistone,Richard Epcar,Wendee Lee,Laird Macintosh,
122,123,Metal Gear Solid: The Twin Snakes,2004,"['Action', ' Adventure', ' Drama']",9.0,A retired mercenary is called upon by the U.S. government to handle a hostile takeover of an Alaskan military base by his former special forces group. A remake of  (1998).,Carey Murray,Jennifer Hale,David Hayter,Cam Clarke,Debi Mae West,M
123,124,Metal Gear Solid 2: Substance,2002,"['Action', ' Adventure', ' Drama']",9.0,"Enhanced version of  (2001); adding VR missions, 5 Short-Story missions with Snake at the helm, ""Skater Mode"" and more.",Hideo Kojima,David Hayter,Quinton Flynn,Christopher Randolph,Lara Cody,M
124,125,The Legend of Zelda: The Wind Waker,2002,"['Action', ' Adventure', ' Fantasy']",9.0,"After his sister gets kidnapped from their peaceful island, a young boy aims to emulate the Hero of Time by saving her.",Eiji Aonuma,Nate Bihldorff,Osamu Hosoi,Asami Imai,Eiji Maruyama,E
125,126,System Shock 2,1999,"['Action', ' Adventure', ' Horror']",9.0,"An agent is deployed on a mission to explore a distant planet, but instead wakes up from his cryosleep five months later only to discover that the ship's artificial intelligence has been corrupted and the humans infected by an alien race.",Ken Levine,Kemal Amarasingham,Laura Baldwin,Matt Boynton,Eric Brosius,M
126,127,StarCraft: Brood War,1998,"['Action', ' Adventure', ' Sci-Fi']",9.0,After the events of  (1998) the Protoss try to unite their divided race while still fighting the weakened Zerg which is also attacked by human expedition from Earth.,Matthew Samia,Glynnis Talken,Jack Ritschel,Paul Ainsley,Castulo Guerra,T
127,128,Diablo II: Lord of Destruction,2001,"['Action', ' Adventure', ' Fantasy']",9.0,"Warriors and rebels stand against Diablo and his malignant forces as they prepare to fight in an apocalyptic conflict. In the expansion, Baal takes over command of Diablo's forces as the end of the war draws near.",Larry B. Scott,Liana Young,Michael McConnohie,Jessica Straus,,M
128,129,Diablo II,2000,"['Action', ' Adventure', ' Fantasy']",9.0,"Evil has survived. Diablo, the Lord of Terror, now seeks to free his demonic brothers. The armies of the High Heavens are forbidden to interfere with Diablo's plan.",Frank Gorshin,Milton James,James Harper,Ed Trotta,,M
129,130,Metal Gear Solid 2: Sons of Liberty,2001,"['Action', ' Adventure', ' Drama']",9.0,"Two years after the death of Solid Snake, a rookie FOX-HOUND agent, on his first mission, infiltrates an offshore decontamination facility to rescue the President.",Hideo Kojima,David Hayter,Quinton Flynn,Christopher Randolph,Lara Cody,M
130,131,Jagged Alliance 2,1999,,9.0,"When an overthrown and believed to be dead Monarch, Enrico Chivaldori, witnesses his country enslaved under the cruel regime of his former wife; Queen Deidranna, the former ruler contacts a...                 »",Ian Currie,Sonja Ball,Tyrone Benskin,Maria Bircher,Thor Bishopric,
131,132,The Longest Journey,1999,"['Adventure', ' Drama', ' Fantasy']",9.0,"April Ryan is a young visual-arts student in Venice, Newport. She's been having some strange dreams lately, but little does she know about the important role she'll have in changing the future.",Didrik Tollefsen,Roger Raines,Sarah Hamilton,Regina Lund,Louis Aguirre,M
132,133,The Neverhood,1996,"['Adventure', ' Comedy', ' Mystery']",9.0,"Long ago, a mysterious being known as Hoborg created a world called the Neverhood, made entirely of an odd substance known as ""Klay."" However, Hoborg was lonely and, using a mystical ""life seed"", created a ""Klay man"" that he called Klogg.",Doug TenNapel,Mark Lorenzen,Edward Schofield,Doug TenNapel,,T
133,134,Final Fantasy VI,1994,"['Action', ' Adventure', ' Fantasy']",9.0,A mysterious woman joins a group of mercenaries in order to find out about her destiny and means of saving the world from an evil madman.,Hiroyuki Itô,Yoshinori Kitase,,,,T
134,135,Day of the Tentacle,1993,"['Adventure', ' Comedy', ' Sci-Fi']",9.0,"A disembodied tentacle is accidentally exposed to nuclear waste, giving it human abilities and an ambition to take over the world.",Dave Grossman,Ginny Westcott,Denny Delk,Jane Jacobs,Nick Jameson,
135,136,Baldur's Gate,1998,"['Action', ' Adventure', ' Fantasy']",9.0,"The main character, ward of mystical monk Gorion, whose name, sex, race and class are defined by the players, leaves his order's keep for the first time and starts a journey to discover his true identity. But someone wants him dead.",Feargus Urquhart,Dee Bradley Baker,Michael Bell,Jeff Bennett,Gregg Berger,T
136,137,The Beast Within: A Gabriel Knight Mystery,1996,"['Adventure', ' Drama', ' Horror']",9.0,"Shortly after moving to Rittersburg to take over duties as the lone ""Schattenjager"", Gabriel Knight is called by the townsfolk to investigate the killing of a child believed to be caused by a werewolf.",Will Binder,Dean Erickson,Joanne Takahashi,Russell Mitchell,Peter J. Lucas,M
137,138,Fire Emblem: Three Houses,2019,"['Adventure', ' Drama', ' Fantasy']",8.9,"On the continent of Fódlan, divided between three rival nations, a newly hired professor at Garreg Mach Monastery must choose a nation to support and guide just as a conspiracy begins to reopen Fódlan's dark and violent past.",Toshiyuki Kusakihara,Ai Kakuma,Takashi Sano,Yûsuke Kobayashi,Shizuka Itô,T
138,139,Yakuza Kiwami 2,2017,"['Action', ' Crime', ' Drama']",8.9,"Kazuma Kiryu is called back to Kamurocho and tasked with finding a new chairman for the Tojo Clan, which brings him into conflict with the legendary 'Dragon Of Kansai'.",Hiroyuki Sakamoto,Kazuhiro Yamaji,Takaya Kuroda,Aya Hisakawa,Satoshi Tokushige,M
139,140,Steins;Gate,2009,"['Comedy', ' Drama', ' Romance']",8.8,"After discovering time travel, a university student and his colleagues must use their knowledge of it to stop an evil organization and their diabolical plans.",Mamoru Miyano,Asami Imai,Kana Hanazawa,Tomokazu Seki,,M
140,141,Death Stranding,2019,"['Action', ' Adventure', ' Drama']",8.9,Deliveryman Sam Porter must travel across a ravaged wasteland and reconnect the city states of America formed after a mysterious apocalyptic event dubbed 'death stranding' left the world in ruins and plagued by supernatural tar creatures.,Hideo Kojima,Norman Reedus,Mads Mikkelsen,Léa Seydoux,Troy Baker,M
141,142,Undertale,2015,"['Adventure', ' Comedy', ' Drama']",8.9,"Enter the Underground, a massive subterranean cave where monsters, who once lived harmoniously with humans on the surface, now have been banished after losing a war with humanity.",Toby Fox,Stephanie MacIntire,Willard Scott,,,E10+
142,143,NieR: Automata,2017,"['Action', ' Adventure', ' Drama']",8.9,"In the forsaken wasteland below, the war between the machines and the androids rages on. A war that is soon to unveil the long-forgotten truth of this world.",Yoko Taro,Yui Ishikawa,Natsuki Hanae,Ayaka Suwa,Tatsuhisa Suzuki,M
143,144,Life Is Strange,2015,"['Drama', ' Mystery', ' Sci-Fi']",8.9,"An awkward photography student named Max discovers her ability to rewind time, and reunites with her estranged best friend Chloe to investigate the mysterious disappearance of a local girl.",Raoul Barbet,Dani Knights,Hannah Telle,Ashly Burch,Nik Shriner,M
144,145,Tales from the Borderlands: A Telltale Games Series,2014,"['Adventure', ' Comedy', ' Sci-Fi']",8.9,"Corporate stooge Rhys, and Con woman Fiona team up to discover the secret of an alien vault on the dangerous planet Pandora.",Martin Montgomery,Laura Bailey,Jonathan Stauder,Nick Herman,Troy Baker,M
145,146,The Wolf Among Us,2013,"['Action', ' Crime', ' Drama']",8.9,"As Bigby Wolf, the big bad wolf in human form, you will discover that the brutal, bloody murder of a Fable is just a taste of things to come when another dead Fable is found which starts the hunt for a serial killer.",Nick Herman,Chuck Kourouklis,Dennis Lenart,Adam Harrington,Erin Yvette,M
146,147,Far Cry 3,2012,"['Action', ' Adventure']",8.9,"While skydiving, Jason Brody and his friends land on an island overrun by pirates, where Jason is torn between fighting for the Rakyat resistance and rescuing his friends.",Laurent Bernier,Kristian Hodko,Lane Edwards,Alex Harrouch,Mylène Dinh-Robic,M
147,148,South Park: The Stick of Truth,2014,"['Animation', ' Action', ' Adventure']",8.9,"As the New Kid, discover the lost Stick of Truth, and earn your place at the side of Stan, Kyle, Cartman and Kenny as their new friend.",Chris Parker,April Stewart,Trey Parker,Matt Stone,Mona Marshall,M
148,149,The Witcher 2: Assassins of Kings,2011,"['Action', ' Adventure', ' Drama']",8.9,"Witcher Geralt must track down a mysterious assassin known as the Kingslayer, who appears to also have the powers of a witcher. Is the Kingslayer simply working for the leaders of a non-human rebellion or is there more to this mystery?",Adam Badowski,Doug Cockle,Jacek Rozenek,Adam Bauman,Alexander Morton,M
149,150,Super Mario Galaxy 2,2010,"['Action', ' Adventure', ' Family']",8.9,Mario goes back in the galaxy to save Princess Peach from Bowser.,Koichi Hayashida,Charles Martinet,Dex Manley,Scott Burns,Mercedes Rose,E
150,151,Heroes of Might and Magic III: The Shadow of Death,2000,"['Action', ' Adventure', ' Fantasy']",8.9,Second expansion pack for  (1999).,David Mullich,Laird Macintosh,Catherine Battistone,Aric Devone,Mari Devon,
151,152,Kingdom Hearts: Birth by Sleep,2010,"['Action', ' Adventure', ' Family']",8.9,"Ten years before Sora held the Keyblade, three young Keyblade wielders bound by friendship, face being torn apart by the sinister monsters terrorizing other worlds and the manipulative mastermind behind them.",Tetsuya Nomura,Jason Dohring,Willa Holland,Jesse McCartney,Leonard Nimoy,E10+
152,153,Okami,2006,"['Action', ' Adventure', ' Fantasy']",8.9,"A cel-shaded action game set in feudal Japan, in which the wolf deity Amaterasu defends the land from evil forces.",Hideki Kamiya,,,,,T
153,154,Grand Theft Auto IV,2008,"['Action', ' Crime', ' Drama']",8.9,"Niko Bellic comes to Liberty City, America to live the good life, but ends up having to assist his dangerously indebted cousin Roman with his financial troubles, by any (mostly illegal) means necessary.",Michael Hollick,Jason Zumwalt,Timothy Adams,Moti Margolin,,M
154,155,The Warriors,2005,"['Action', ' Crime']",8.9,"The Warriors, a gang from Coney Island, go to a gang leader's meeting, when suddenly the gang leader is shot and killed. Framed for this murder, they must travel all the way back to Coney with 60,000 gang members standing in their way.",James Remar,Ephraim Benton,Dorsey Wright,David Harris,,M
155,156,The Elder Scrolls IV: Oblivion,2006,"['Action', ' Adventure', ' Fantasy']",8.9,"After being freed by the Emperor of Tamriel, the hero must prevent the gates of Oblivion from spreading throughout the Empire.",Todd Howard,Sean Bean,Lynda Carter,Terence Stamp,Patrick Stewart,T
156,157,Star Wars: Knights of the Old Republic II - The Sith Lords,2004,"['Action', ' Adventure', ' Drama']",8.9,You play an exiled and depowered Jedi Knight who has returned to the Republic and must restore both your powers and the devastated Jedi Order to challenge the Sith.,Sara Kestelman,Nicky Katt,Roger Guenveur Smith,Kelly Hu,,T
157,158,Sly 2: Band of Thieves,2004,"['Action', ' Adventure', ' Comedy']",8.9,"Two years after defeating Clockwerk, Sly Cooper and his band of thieves must recover and destroy all of the stolen Clockwerk parts from a sinister organization before their old nemesis can return from the dead.",Kevin Miller,Matt Olsen,Chris Murphy,Alesia Glidewell,,E
158,159,Warcraft III: The Frozen Throne,2003,"['Action', ' Adventure', ' Fantasy']",8.9,"Survivors in the reign of chaos try to resolve their differences in a new world, that was shaped after the fall of the Burning Legion.",Nicholas S. Carpenter,Kevin Beardslee,Michael Bradberry,William Bassett,Piera Coppola,
159,160,Eternal Darkness: Sanity's Requiem,2002,"['Adventure', ' Fantasy', ' Horror']",8.9,"Over the course of two millenia, twelve men and women are linked together by an accursed book known as the Tome of Eternal Darkness.",Denis Dyack,Michael Bell,Earl Boen,Cam Clarke,Neil Dickson,M
160,161,The Elder Scrolls III: Morrowind,2002,"['Action', ' Adventure', ' Fantasy']",8.9,"The protagonist travels by Morrowind, eastern province of the Septim Empire in Tamriel. He/she can save it from enslavement or explore for personal purposes.",Todd Howard,Jeff Baker,Jonathan Bryce,Lynda Carter,Linda Canyon,T
161,162,Thief: The Dark Project,1998,"['Adventure', ' Crime', ' Fantasy']",8.9,"Unbeknownst to him, a cynical but witty master-thief Garrett will become a key player in the secret war between the cult of builders and the cult of pagans in a medieval city where certain types of magic and advanced technology exist.",Daniel Thron,Daniel Thron,Stephen Russell,Joffrey Spaulding,Terri Brosius,M
162,163,Undying,2001,"['Action', ' Horror', ' Mystery']",8.9,Former soldier Patrick Galloway receives a plea for help from his old friend and former comrade in arms Jeremiah Covenant.,Brady Bell,Kai Vilhelmsen,Ryan Drummond,Clive Barker,Marc Biagi,M
163,164,Super Mario RPG: Legend of the Seven Stars,1996,"['Action', ' Adventure', ' Fantasy']",8.8,"Just as Mario trounces Bowser for the millionth time, a giant, malevolent sword crashes into Bowser's keep, casting Mario, Princess Toadstool and Bowser far and wide, and breaking seven pieces from the wish-granting Star Road.",Chihiro Fujioka,Yoshihiko Maekawa,,,,E
164,165,The Operative: No One Lives Forever,2000,"['Action', ' Adventure', ' Comedy']",8.9,"A 1960's female spy must battle an eccentric terrorist organization in this classic first person shooter, a stylish and tongue-in-cheek spoof of Cold War era James Bond.",Craig Hubbard,Kit Harris,Jock Blaney,Ken Boynton,John Patrick Lowrie,T
165,166,Warcraft III: Reign of Chaos,2002,"['Action', ' Adventure', ' Fantasy']",8.9,"Years after the fall of the Orcish Horde to the human Alliance of Lordaeron, the remaining humans and orcs find themselves facing a common enemy: the demons of the Burning Legion and their armies of undead monsters.",Nicholas S. Carpenter,Michael Barken,Milton James,Michael Bradberry,William Bassett,
166,167,Xenogears,1998,"['Action', ' Adventure', ' Fantasy']",8.9,Young warrior and artist Fei Fong Wong sets off on a journey that tests his faith as well as courage as he is suddenly thrown into a battle where no one is who they seem.,Tetsuya Takahashi,Hikaru Midorikawa,Tomokazu Seki,Yumi Tôma,Hideyuki Tanaka,T
167,168,Pokémon Red Version,1996,"['Action', ' Adventure', ' Family']",8.9,Play as a young Pokémon trainer trying to catch all 150 Pokémon.,Satoshi Tajiri,,,,,E
168,169,Broken Sword: Circle of Blood,1996,"['Adventure', ' Mystery', ' Romance']",8.9,"George Stobbart, an American tourist in Paris, attempts to unravel a conspiracy when he witnesses a bomb attack on a small Parisian cafe.",Charles Cecil,Rolf Saxon,Hazel Ellerby,Rachel Atkins,David Bannerman,
169,170,EarthBound,1994,"['Adventure', ' Comedy', ' Fantasy']",8.9,"Ness, a boy from Onett, Eagleland, teams up with new friends to defeat an Evil Destroyer named Giygas. During the epic pursuits, Ness and his allies attempt to find the sacred Eight Melodies.",Shigesato Itoi,Shigesato Itoi,Yukari Saito,Hirokazu Koyano,Etsuko Kawano,K-A
170,171,Resident Evil,1996,"['Action', ' Horror', ' Mystery']",8.9,"The RPD are investigating strange cannibalized corpses on the outskirts of the city. The Alpha squad, Jill and Chris, are sent to locate missing team members. While there, mutated dogs cause them to flee into a supposedly abandoned mansion.",Shinji Mikami,Linda,Charlie Kraslavsky,Inezh,Greg Smith,M
171,172,Super Mario Bros.,1985,"['Animation', ' Action', ' Adventure']",8.9,A plumber named Mario and his brother Luigi travel through the Mushroom Kingdom to save the princess from the evil Bowser.,Shigeru Miyamoto,,,,,
172,173,Titanic: Adventure Out of Time,1996,"['Action', ' Adventure', ' Mystery']",8.9,A video game about a british espionage agent sent back in time to a failed mission aboard Titanic. At stake: The fate of the entire world!,Kevin Garrett,Erik Sigvard Quist,Stephanie B. Quist,Lona Livingston,,T
173,174,The Pandora Directive,1996,"['Action', ' Adventure', ' Comedy']",8.9,"In a neo-noir post-WWIII future, an old man hires Tex Murphy, a witty mellow private detective, to find his friend, a former government scientist. The clues lead Tex to a serial killer, NSA and an ominous project called Pandora.",Adrian Carr,Chris Jones,Barry Corbin,Kevin McCarthy,Tanya Roberts,
174,175,Blade Runner,1997,"['Mystery', ' Sci-Fi', ' Thriller']",8.9,"You play a blade runner investigating a series of violent replicant crimes, only to discover far more than you bargained for.",Joseph D. Kucan,Martin Azarow,Mark Benninghoffen,Warren Burton,Gwen Castaldi,T
175,176,Wing Commander III: Heart of the Tiger,1994,"['Action', ' Adventure', ' Sci-Fi']",8.9,"When the Terran Confederation faces the possibility of humanity losing the war with the Kilrathi, Colonel Christopher Blair (Mark Hamill), who the Kilrathi have dubbed ""The Heart of the Tiger"", is summoned.",Chris Roberts,Mark Hamill,Malcolm McDowell,John Rhys-Davies,Jason Bernard,T
176,177,Hollow Knight,2017,"['Action', ' Adventure', ' Fantasy']",8.8,"This is the story of a knight, in a quest to uncover the secrets of the long-abandoned kingdom of the Hallownest insects, whose depths attract the adventurous and brave with the promise of treasure or the answer to ancient mysteries.",,,,,,E10+
177,178,Horizon Zero Dawn: The Frozen Wilds,2017,"['Action', ' Adventure', ' Mystery']",8.8,"Aloy's battle with the machines continues when she travels to The Cut, the home of the Banuk. There, she finds an AI that is being worshiped, and a mysterious 'Daemon' constantly attacking the Banuk.",Mathijs de Jonge,Ashly Burch,Richard Neil,Necar Zadegan,Gary Anthony Williams,T
178,179,Divinity: Original Sin II,2017,"['Action', ' Adventure', ' Fantasy']",8.8,"Set in a fantasy world where a form of energy known as Source, and individuals called Sourcerers can manipulate this energy, are hunting down an organization to protect their world from the evil Voidwokens who are drawn by that energy.",Swen Vincke,Rachel Atkins,Christopher Bonwell,Brian Bowles,Jay Britton,M
179,180,Danganronpa 2: Goodbye Despair,2012,"['Adventure', ' Mystery', ' Thriller']",8.8,"16 students from the famous Hope's Peak Academy are forced to live on an island, or kill each other in order to escape.",Minami Takayama,Megumi Ogata,Akira Ishida,Tomokazu Sugita,,M
180,181,Enderal: The Shards of Order,2016,"['Action', ' Adventure', ' Fantasy']",8.9,"2 years after the events of ""Nehrim"", the world of Vyn has fallen into chaos, prompting a Nehrimese refugee to travel to the isolated continent of Enderal to start over, unaware of the threatening, mysterious challenges he would soon face.",Nicolas Lietzau,Till Hagen,Andreas Wilde,Martin Sabel,Michelle Winter,
181,182,Halo: The Master Chief Collection,2014,"['Action', ' Adventure', ' Sci-Fi']",8.8,"Compilation of Master Chief's entire story. Featuring a re-mastered Halo 2: Anniversary, along with Halo: Anniversary, Halo 3, Halo 4, Halo Nightfall, and access to the Halo 5 Multiplayer Beta.",Adam Adcock,Chris Anderson,Cas Anvar,Dee Bradley Baker,,M
182,183,Inside,2016,"['Adventure', ' Horror', ' Mystery']",8.8,"Hunted and alone, a boy finds himself drawn into the center of a dark project.",Arnt Jensen,,,,,M
183,184,BioShock Infinite: Burial at Sea,2013,"['Action', ' Adventure', ' Mystery']",8.8,"1958. After the events of  (2013) and on the eve of the civil war that will destroy the underwater city, Elizabeth goes to Rapture to find Booker DeWitt and offers him her help to investigate the disappearance of an orphan girl.",Ken Levine,Troy Baker,Michael Navarra,Courtnee Draper,Kimberly Brooks,M
184,185,Fire Emblem: Awakening,2012,"['Action', ' Adventure', ' Fantasy']",8.9,"During a turbulent era, Chrom, the prince of Ylisse and descendant of the Hero-King Marth, leads The Shepherds in observing and combating the bizarre activities of the neighboring country Plegia.",Kouhei Maeda,Akemi Okamura,Tomokazu Sugita,Yû Kobayashi,Kana Asumi,T
185,186,Until Dawn,2015,"['Horror', ' Mystery', ' Thriller']",8.8,"A group of teenagers spend the weekend in a ski lodge on the anniversary of their friends' disappearance, unaware that they are not alone.",Will Byles,Hayden Panettiere,Peter Stormare,Rami Malek,Brett Dalton,M
186,187,Metal Gear Solid V: The Phantom Pain,2015,"['Action', ' Adventure', ' Drama']",8.8,"After awakening from a nine year coma, Big Boss forms a new mercenary group called, Diamond Dogs, and teams up with his former rival, Ocelot, to track down the men responsible for the destruction of MSF.",Hideo Kojima,Stefanie Joosten,Kiefer Sutherland,Robin Atkin Downes,Troy Baker,M
187,188,Tomb Raider,2013,"['Action', ' Adventure', ' Fantasy']",8.8,"Armed with only the raw instincts and physical ability, experience Lara Croft's intense origin story from a young woman to a hardened survivor.",Noah Hughes,Camilla Luddington,Robin Atkin Downes,Cooper Thornton,Robert Craighead,M
188,189,Fallout: New Vegas,2010,"['Action', ' Adventure', ' Sci-Fi']",8.8,"After surviving a bullet to the head, Courier Six traverses the post-apocalyptic Mojave desert in search of the men who wronged him, while making an impact on thousands in the process.",Josh Sawyer,Matthew Perry,Wayne Newton,Kris Kristofferson,Ron Perlman,M
189,190,Dead Space 2,2011,"['Action', ' Horror', ' Sci-Fi']",8.8,"Set three years after the events of the first, Isaac Clarke's fight against a new Necromorph outbreak on the Sprawl, a space station above Saturn's largest moon, Titan.",Gunner Wright,Tanya Clarke,Sonita Henry,Curt Cornelius,,M
190,191,Pokémon SoulSilver Version,2009,"['Action', ' Adventure', ' Family']",8.8,"Unravel mysteries as you journey through new places such as the Ruins of Alph, meet new people such as the Kimono girls of Ecruteak City, and battle Team Rocket as they make their comeback.",Shigeki Morimoto,,,,,E
191,192,Pokémon HeartGold Version,2009,"['Action', ' Adventure', ' Family']",8.8,"Unravel mysteries as you journey through new places such as the Ruins of Alph, meet new people such as the Kimono girls of Ecruteak City, and battle Team Rocket as they make their comeback.",Shigeki Morimoto,,,,,E
192,193,Heavy Rain,2010,"['Crime', ' Drama', ' Mystery']",8.8,"As a child goes missing, his father tirelessly works to rescue him, while a journalist, an FBI agent, and a private detective try to identify his kidnapper known only as the ""Origami Killer"".",David Cage,Pascal Langdale,Jacqui Ainsley,Judi Beecher,Sam Douglas,M
193,194,Demon's Souls,2020,"['Action', ' Adventure', ' Fantasy']",8.8,"A remake of the 2009 video game, by the same name,  (2009).",Hidetaka Miyazaki,Clare Corbett,Evetta Muradasilova,Ella Funnell-Dale,Peter Marinker,M
194,195,Call of Duty: Modern Warfare 2,2009,"['Action', ' Adventure', ' Thriller']",8.8,"A massacre at a Russian airport leads to a war between Russia and the United States. Meanwhile, a Task Force is sent to find the perpetrators and bring the bloodshed to an end.",Jason West,Lance Henriksen,Keith David,Barry Pepper,Kevin McKidd,M
195,196,Dead Space,2008,"['Action', ' Horror', ' Mystery']",8.8,"Engineer Isaac Clarke and his crew get stranded on a large, abandoned mining ship. There, Clarke needs to repair the giant ship while battling nasty aliens and solving the mystery of what happened to the ship.",Michael Condrey,Tonantzin Carmelo,J.G. Hertzler,Iyari Limon,Peter Mensah,M
196,197,Demon's Souls,2020,"['Action', ' Adventure', ' Fantasy']",8.8,"A remake of the 2009 video game, by the same name,  (2009).",Hidetaka Miyazaki,Clare Corbett,Evetta Muradasilova,Ella Funnell-Dale,Peter Marinker,M
197,198,Resident Evil Village,2021,"['Action', ' Adventure', ' Fantasy']",8.8,Ethan Winters' world suddenly comes crashing down when Chris Redfield's appearance sets off a chain of events that ultimately leads him to a mysterious village.,Morimasa Sato,Michelle Lukes,Todd Soley,Katie O'Hagan,Jeff Schine,M
198,199,World of Warcraft: Wrath of the Lich King,2008,"['Action', ' Adventure', ' Fantasy']",8.8,The Lich King Arthas has set in motion events that could lead to the extinction of all life on Azeroth. Only the mightiest heroes can oppose the Lich King's will and end his reign of terror for all time.,Jeffrey Kaplan,Dino Andrade,Laura Bailey,Adam Bitterman,JB Blanc,
199,200,Yakuza: Like a Dragon,2020,"['Action', ' Comedy', ' Crime']",8.8,"Ichiban Kasuga, a low-level Yakuza member looking to prove his self-worth, and follows him and his motley crew of unlikely allies as they attempt to rise from rags to riches in this modern human drama.",Ryosuke Horii,Andrew Morgado,Kazuhiro Nakaya,Kaiji Tang,Akio Ôtsuka,T
200,201,Outer Wilds,2019,"['Adventure', ' Mystery', ' Sci-Fi']",8.8,"Outer Wilds is an exploration game about curiosity, roasting marshmallows, and unraveling the mysteries of the cosmos.",Alex Beachum,,,,,M
201,202,Medieval II: Total War,2006,"['Action', ' History', ' War']",8.8,"A diplomatic, strategic war game set between the years 1080 and 1530, focusing on medieval warfare, religion and politics in Europe, North Africa and the Middle East.",Michael M. Simpson,Greg Baldwin,Tim Bentinck,Steffan Boje,Walter Bonacker,
202,203,StarCraft II: Wings of Liberty,2010,"['Action', ' Adventure', ' Sci-Fi']",8.8,"Four years after the events of  (1998), Jim Raynor fights against the Dominion and begins a search for artifacts when at the same time the Zerg attack once again.",Nicholas S. Carpenter,James Harper,Dave Fennoy,Robert Clotworthy,Brian Bloom,T
203,204,Half-Life 2: Episode One,2006,"['Action', ' Adventure', ' Sci-Fi']",8.8,Gordon Freeman and Alyx Vance must escape City 17 following the explosion of its fusion reactor.,Robin Walker,Robert Guillaume,Robert Culp,Louis Gossett Jr.,Michelle Forbes,M
204,205,Halo 3,2007,"['Action', ' Adventure', ' Sci-Fi']",8.8,Master Chief and the Arbiter must join together to attack the Covenant and destroy the Flood.,Tim Dadabo,Keith David,Steve Downes,Jen Taylor,,M
205,206,Sly 3: Honor Among Thieves,2005,"['Action', ' Adventure', ' Comedy']",8.8,Sly Cooper and the gang must recruit a team of world-class thieves in order to penetrate his family vault of massive wealth and collect his inheritance before an evil genius retrieves it first.,Kevin Miller,Matt Olsen,Chris Murphy,Kevin Blackton,,E10+
206,207,Star Wars: Battlefront II,2005,"['Action', ' Adventure', ' Sci-Fi']",8.8,Play as the foot soldier of the galaxy's greatest factions and wage war across countless planets.,Eric 'Giz' Gewirtz,Bob Bergen,Christina Rumbley,Corey Burton,David Boat,T
207,208,Dragon Quest VIII,2004,"['Action', ' Adventure', ' Drama']",8.8,"The game begins with the court jester of the kingdom of Trodain, Dhoulmagus, stealing an ancient scepter and casting a spell on Trodain castle.",Akihiro Hino,Ricky Grover,Emma Owen,Blake Ritson,Jon Glover,T
208,209,Ratchet & Clank: Up Your Arsenal,2004,"['Action', ' Adventure', ' Comedy']",8.8,"Ratchet and Clank return to the Solana Galaxy to combat Dr. Nefarious, a villain from Qwark's shady past, who wishes to turn all organic life into robots.",James Arnold Taylor,David Kaye,Jim Ward,Armin Shimerman,,T
209,210,Hitman: Blood Money,2006,"['Action', ' Adventure', ' Crime']",8.8,"A larger, more powerful agency is systematically eliminating assassins in a series of hits, who are all from Agent 47's contract killing firm, The International Contract Agency (ICA).",Rasmus Højengaard,David Andriole,David Bateson,Barbara Bernád,Brian Beacock,M
210,211,Ico,2001,"['Adventure', ' Drama', ' Fantasy']",8.8,"On a distant island, there is a legend that anyone born with horns will bring about calamity. When such a boy is locked away in a fortress, he must work together with a girl named Yorda to flee before they can be claimed by the spirits.",Fumito Ueda,Kazuhiro Shindou,Rieko Takahashi,Misa Watanabe,,T
211,212,Sanitarium,1998,"['Adventure', ' Drama', ' Horror']",8.8,After a horrific car crash your character ends up in an asylum. You must find out how you came to be there and recover your identity.,Martin Stoltz,Frank Schurter,Stephen Bennett,Brad Broman,Amanda Crocker,T
212,213,Jet Set Radio Future,2002,"['Action', ' Family', ' Sport']",8.8,"A group of graffiti spraying, roller blading, teens called, ""The GGs"", have to stop a mega corporate enterprise known as, ""The Rokkaku Group"" and their leader, ""Gouji Rokkaku"" who is the ...                 »",Masayoshi Kikuchi,Billy Brown,Charles Martinet,Casey Robertson,Erin Clark,T
213,214,Metroid Prime,2002,"['Action', ' Adventure', ' Mystery']",8.8,"A Space Pirate distress signal draws bounty hunter Samus Aran to Tallon IV, a world she discovers is being consumed by a terrible poison.",Mark Pacini,Jennifer Hale,Vanessa Marshall,,,T
214,215,Pokémon Gold Version,1999,"['Action', ' Adventure', ' Fantasy']",8.8,"Role playing game for the Game Boy Advance, introducing the second generation of Pokémon, where you are on a quest to master Pokémon battling.",Satoshi Tajiri,,,,,E
215,216,Halo: Combat Evolved,2001,"['Action', ' Adventure', ' Mystery']",8.8,"Super-soldier John-117, Master Chief of the United Nations Space Command, must battle a genocidal alien race known as the Covenant following his violent crash-landing on Halo, an ancient and mysterious ring-world.",Jason Jones,Jen Taylor,Pete Stacker,Tim Dadabo,Steve Downes,M
216,217,Civilization,1991,['History'],8.8,Turn-based strategy game Civilization begins in 4000 BC and allows players to expand and develop their empires through the ages from the ancient era until modern and near-future times.,,,,,,
217,218,Arcanum: Of Steamworks and Magick Obscura,2001,"['Adventure', ' Drama', ' Fantasy']",8.8,"You are the sole survivor of IFS Zephyr crash and the noble gnome has just passed away before your eyes after giving you a strange ring and asking to deliver it to ""the boy"".",Jeff Coopwood,Barry Dennen,Michael Gough,Nick Jameson,,
218,219,Freespace 2,1999,['Sci-Fi'],8.8,32 years have passed since the events of Descent: Freespace. A rebellion is threatening the stability the galactic Terran-Vasudan alliance while a mysterious portal to a Shivan-infested nebula is discovered.,Robert Loggia,Ronny Cox,Kurtwood Smith,Jason Scott,,
219,220,Pokémon Crystal Version,2000,"['Action', ' Adventure', ' Fantasy']",8.8,"A remake of the Gold and Silver versions of Pocket Monsters, with new animations, characters, and a new female trainer.",Satoshi Tajiri,Junichi Masuda,,,,E
220,221,Final Fantasy IX,2000,"['Action', ' Adventure', ' Fantasy']",8.8,"When bandits try to kidnap the princess, they discover that it's the princess who wants to be kidnapped. But they are chased by an evil queen and an even more powerful entity.",Hiroyuki Itô,,,,,T
221,222,Thief II: The Metal Age,2000,"['Adventure', ' Crime', ' Fantasy']",8.8,"After a group of extreme worshipers of new steampunk technology leaves the cult of builders known as the Hammerites to form a cult of their own called the Mechanists, master-thief Garrett is asked to investigate their true intentions.",Stephen Russell,Sam Babbitt,Neil Forman,Karen Saltus,,M
222,223,Pokémon Silver Version,1999,"['Action', ' Adventure', ' Fantasy']",8.7,"Role playing game for the Game Boy Color, introducing the second generation of Pokémon, where you are on a quest to master Pokémon battling.",Satoshi Tajiri,,,,,E
223,224,Final Fantasy Tactics,1997,"['Action', ' Adventure', ' Fantasy']",8.9,The story of a heroic squire religated to the lost pages of history.,Yasumi Matsuno,Alazlam,Omdoria Atkascha,Orinas Atkascha,Ovelia Atkascha,T
224,225,Civilization II,1996,['History'],8.8,"Turn-based strategy game Civilization II introduces an isometric view, new concepts such as firepower and hit points, and changes to some units' abilities and strengths.",Michael Ely,Jeffery L. Briggs,Brad Howard,Thomas Seibert,Spencer Humm,
225,226,Sam and Max Hit the Road,1993,"['Adventure', ' Comedy', ' Mystery']",8.8,Two screwball detectives are hired to track a couple of human oddities that went missing from a local Tourist Trap.,Sean Clark,Michael Stemmle,Bill Farmer,Nick Jameson,Marsha Clark,
226,227,Crash Bandicoot: Warped,1998,"['Action', ' Adventure', ' Comedy']",8.9,"Crash Bandicoot, Aku Aku and Coco travel through time to stop Dr. Cortex and Aku Aku's evil twin brother Uka Uka from enslaving Earth.",Andrew S. Gavin,Jason Rubin,Clancy Brown,Brendan O'Brien,Haruna Ikezawa,E
227,228,Freelancer,2003,"['Action', ' Adventure', ' Mystery']",8.8,You play a freelance pilot who makes a living as a mercenary who gets targeted in a conspiracy for alien artifacts.,Carole Ruggier,Harry A. Jarvis III,Ian Ziering,Jennifer Hale,John Rhys-Davies,
228,229,Wing Commander IV: The Price of Freedom,1995,"['Action', ' Adventure', ' Sci-Fi']",8.8,It is several years after mankind's war against the Kilrathi. Col. Christopher Blair is called back into duty by the Terran Confederation to help stop acts of terrorism that appear to be taking place against Confed by Border Worlds forces.,Chris Roberts,Mark Hamill,Malcolm McDowell,John Rhys-Davies,Jason Bernard,
229,230,Sekiro: Shadows Die Twice,2019,"['Action', ' Adventure', ' Fantasy']",8.7,"Set in a reimagining of 1500s Sengoku era Japan. An unnamed shinobi, tasked with protecting a young lord of mystical lineage, who is left for dead when a powerful samurai attacks and chops off his arm.",Hidetaka Miyazaki,Kazuhiro Hamatani,Daisuke Namikawa,Miyuki Satô,Jin Urayama,M
230,231,Forza Horizon 4,2018,"['Action', ' Adventure', ' Crime']",8.7,"Experience a shared world with dynamic seasons. Explore beautiful scenery, collect over 450 cars and become a Horizon Superstar in historic Britain. With highlight the super-car ""McLaren Senna"", in honor of .",Joanne King,Nikesh Patel,Okezie Morro,Ophelia Lovibond,,E
231,232,Doom Eternal,2020,"['Action', ' Adventure', ' Fantasy']",8.7,"In this sequel to  (2016), Hell has taken Earth, so it's up to the Doom Slayer, the ultimate demon-killing machine created by a mystical force, to rip and tear the forces of Hell apart. However, Hell is not alone in this fight.",Hugo Martin,Darin De Paul,Kevin Schon,Jason Spisak,Keith Silverstein,M
232,233,Shadow of the Colossus,2018,"['Action', ' Adventure', ' Drama']",8.7,Remake of  (2005). A young man brings his deceased love to a forbidden land inhabited by colossal beings said to house the power to revive the dead.,Fumito Ueda,Kenji Nojima,Naoki Bando,Hitomi Nabatame,Kazuhiro Nakata,T
233,234,Celeste,2018,"['Action', ' Adventure', ' Comedy']",8.7,"A young woman undertakes the challenge of climbing a mountain with dangerous perils and mysterious powers. Throughout her journey, she is confronted by Part Of Her, her bad side doppelgänger.",Matt Thorson,,,,,E
234,235,XCOM 2: War of the Chosen,2017,"['Action', ' Sci-Fi', ' Thriller']",8.7,Expansion pack for  (2016). Twenty years have passed since world leaders offered an unconditional surrender to alien forces. But at the edges of the world a force gathers once again to stand up for humanity.,Jacob Solomon,Chad Rocco,Brian Bloom,Carlye Pollack,Gary Anthony Williams,
235,236,The Walking Dead: The Final Season,2018,"['Drama', ' Horror', ' Sci-Fi']",8.7,"Clementine and her adoptive brother, AJ, come across a boarding school inhabited by other children with little memory of life before the apocalypse.",Vahram Antonian,Mark Darin,Chris Rebbert,Kent Mudle,Melissa Hutchison,M
236,237,Yakuza 6: The Song of Life,2016,"['Action', ' Crime', ' Drama']",8.7,"Kiryu takes Haruto to the last place Haruka was spotted. There, a new and merciless world of Yakuza awaits the unlikely pair.",Hiroyuki Sakamoto,Toshihiro Nagoshi,Takaya Kuroda,Rie Kugimiya,Tatsuya Fujiwara,M
237,238,Dragon Quest XI: Echoes of an Elusive Age,2017,"['Adventure', ' Family', ' Fantasy']",8.7,"A young boy from a small town learns he is the chosen hero of Yggdrasil, the World Tree, and sets out on an adventure with colorful companions to save the land of Erdrea from an impending darkness.",Takeshi Uchikawa,Masato Yagi,Rasmus Hardiker,Gunnar Cauthery,Lauren Coe,T
238,239,StarCraft II: Legacy of the Void,2015,"['Action', ' Adventure', ' Sci-Fi']",8.7,"After the events of  (2013), Hierarch Artanis works to reunite the Protoss factions in order to retake their homeworld of Auir and stop Amon from destroying the galaxy.",Dustin Browder,Patrick Seitz,Travis Willingham,Rachel Robinson,Tricia Helfer,
239,240,Hellblade: Senua's Sacrifice,2017,"['Action', ' Adventure', ' Drama']",8.7,"Set in the age of Vikings, a broken Celtic warrior named Senua embarks on a haunting vision quest into Viking Hell to fight for the soul of her dead lover.",Tameem Antoniades,Melina Juergens,Steven Hartley,Nicholas Boulton,Oliver Walker,M
240,241,Ori and the Blind Forest,2015,"['Adventure', ' Fantasy']",8.7,"Ori fell from the Spirit Tree in the forest of Nibel during a storm and was adopted by a bear-like creature named Naru, who raised Ori as her own.",Thomas Mahler,Erik Braa,Aeralie Brighton,Andrew Lackey,,E
241,242,What Remains of Edith Finch,2017,"['Adventure', ' Drama', ' Mystery']",8.7,Edith Finch travels back to the Finch family home in Washington to explore her ancestral history after recent family events drive her to learn more about herself and the Finches.,Ian Dallas,Valerie Rose Lohman,Maddie Fitz,Alex Jebb-Quine,Maria Benson,T
242,243,To the Moon,2011,"['Adventure', ' Drama', ' Mystery']",8.7,Follows Dr. Eva Rosalene and Dr. Neil Watts (employed by Sigmund Corp.) as they fulfill the lifelong dream of the dying Johnny Wyles.,Kan Gao,,,,,T
243,244,Alien: Isolation,2014,"['Horror', ' Sci-Fi', ' Thriller']",8.7,"In this first person survival horror adventure set fifteen years after the events of  (1979), Ripley's daughter becomes trapped on an alien-infested space station which holds answers to the mystery of her mother's disappearance.",Alistair Hope,Andrea Deck,George Anton,Kezia Burrows,Richie Campbell,M
244,245,The Walking Dead: Season Two,2013,"['Drama', ' Horror', ' Thriller']",8.8,"Left to fend for herself, Clementine has been forced to learn how to survive in a world gone mad. Many months have passed and she is in search of safety.",Sean Ainsworth,Jason Latino,Dennis Lenart,Eric Parsons,Graham Ross,M
245,246,The Legend of Zelda: A Link Between Worlds,2013,"['Action', ' Adventure', ' Fantasy']",8.7,Link is yet again tasked with restoring peace to the kingdom of Hyrule after a malevolent sorcerer named Yuga captures Princess Zelda and escapes through a rift to the ruined world of Lorule.,Hiromasa Shikata,Mitsuki Saiga,Ayumi Fujimura,Seiro Ogino,Kei Hayami,E
246,247,Black Mesa,2012,"['Action', ' Sci-Fi', ' Thriller']",8.7,Scientist Gordon Freeman navigates through the titular research facility in New Mexico after a botched experiment.,Carlos Montero,Adam Dravean,Cris Mertens,Michael Tsarouhas,Kevin Sisk,
247,248,Assassin's Creed IV: Black Flag,2013,"['Action', ' Adventure', ' History']",8.7,"A video game where you play as sailor, privateer and assassin Edward Kenway exploring on and around the islands in the Caribbean Sea during the early 17th century.",Ashraf Ismail,Kate Fleetwood,Ralph Ineson,Stuart Martin,Michael McElhatton,M
248,249,Ni no Kuni: Wrath of the White Witch,2011,"['Adventure', ' Fantasy']",8.7,"Oliver discovers that his mother is not dead, but kidnapped and taken hostage by the White Witch.",Kentaro Motomura,Adam Wilson,Lauren Mote,Louis Tamone,Steffan Rhodri,E10+
249,250,Borderlands 2,2012,"['Action', ' Adventure', ' Comedy']",,"A new group of adventurers arrives on the frontier planet Pandora. They are assassinated by Handsome Jack, the most powerful merc on the planet. One of them survives and with the help of a deranged talking robot seeks loot and revenge.",Paul Hellquist,Lynn Andrews III,Yasemin Arslan,Justin Barad,Christopher Bevins,M
