,ranking,name,certificate,runtime_mins,genre,rating,details,actor_1,actor_2,actor_3,actor_4,start_year,end_year
0,1,Breaking Bad,TV-MA,49.0,"['Crime', 'Drama', 'Thriller']",9.4,A high school chemistry teacher diagnosed with inoperable lung cancer turns to manufacturing and selling methamphetamine in order to secure his family's future.,Bryan Cranston,Aaron Paul,Anna Gunn,Betsy Brandt,2008.0,2013.0
1,2,Game of Thrones,TV-MA,57.0,"['Action', 'Adventure', 'Drama']",9.2,"Nine noble families fight for control over the lands of Westeros, while an ancient enemy returns after being dormant for millennia.",Emilia Clarke,Peter Dinklage,Kit Harington,Lena Headey,2011.0,2019.0
2,3,Chernobyl,TV-MA,330.0,"['Drama', 'History', 'Thriller']",9.4,"In April 1986, an explosion at the Chernobyl nuclear power plant in the Union of Soviet Socialist Republics becomes one of the world's worst man-made catastrophes.",Jessie Buckley,Jared Harris,Stellan Skarsgård,Adam Nagaitis,2019.0,
3,4,Band of Brothers,TV-MA,594.0,"['Drama', 'History', 'War']",9.4,"The story of Easy Company of the U.S. Army 101st Airborne Division and their mission in World War II Europe, from Operation Overlord to V-J Day.",Scott Grimes,Damian Lewis,Ron Livingston,Shane Taylor,2001.0,
4,5,Sherlock,TV-14,88.0,"['Crime', 'Drama', 'Mystery']",9.1,A modern update finds the famous sleuth and his doctor partner solving crime in 21st century London.,Benedict Cumberbatch,Martin Freeman,Una Stubbs,Rupert Graves,2010.0,2017.0
5,6,Rick and Morty,TV-MA,23.0,"['Animation', 'Adventure', 'Comedy']",9.2,An animated series that follows the exploits of a super scientist and his not-so-bright grandson.,Justin Roiland,Chris Parnell,Spencer Grammer,Sarah Chalke,,
6,7,The Wire,TV-MA,59.0,"['Crime', 'Drama', 'Thriller']",9.3,"The Baltimore drug scene, as seen through the eyes of drug dealers and law enforcement.",Dominic West,Lance Reddick,Sonja Sohn,Wendell Pierce,2002.0,2008.0
7,8,Avatar: The Last Airbender,TV-Y7-FV,23.0,"['Animation', 'Action', 'Adventure']",9.3,"In a war-torn world of elemental magic, a young boy reawakens to undertake a dangerous mystic quest to fulfill his destiny as the Avatar, and bring peace to the world.",Dee Bradley Baker,Zach Tyler Eisen,Mae Whitman,Jack De Sena,2005.0,2008.0
8,9,The Sopranos,TV-MA,55.0,"['Crime', 'Drama']",9.2,"New Jersey mob boss Tony Soprano deals with personal and professional issues in his home and business life that affect his mental state, leading him to seek professional psychiatric counseling.",James Gandolfini,Lorraine Bracco,Edie Falco,Michael Imperioli,1999.0,2007.0
9,10,Friends,TV-PG,22.0,"['Comedy', 'Romance']",8.8,Follows the personal and professional lives of six twenty to thirty-something-year-old friends living in Manhattan.,Jennifer Aniston,Courteney Cox,Lisa Kudrow,Matt LeBlanc,1994.0,2004.0
10,11,True Detective,TV-MA,55.0,"['Crime', 'Drama', 'Mystery']",8.9,"Seasonal anthology series in which police investigations unearth the personal and professional secrets of those involved, both within and outside the law.",Vince Vaughn,Colin Farrell,Rachel McAdams,Taylor Kitsch,2014.0,2019.0
11,12,Stranger Things,TV-14,51.0,"['Drama', 'Fantasy', 'Horror']",8.7,"When a young boy disappears, his mother, a police chief and his friends must confront terrifying supernatural forces in order to get him back.",Millie Bobby Brown,Finn Wolfhard,Winona Ryder,David Harbour,,
12,13,The Office,TV-14,22.0,['Comedy'],8.9,"A mockumentary on a group of typical office workers, where the workday consists of ego clashes, inappropriate behavior, and tedium.",Steve Carell,Jenna Fischer,John Krasinski,Rainn Wilson,2005.0,2013.0
13,14,Death Note,TV-14,24.0,"['Animation', 'Crime', 'Drama']",9.0,An intelligent high school student goes on a secret crusade to eliminate criminals from the world after discovering a notebook capable of killing anyone whose name is written into it.,Mamoru Miyano,Brad Swaile,Vincent Tong,Ryô Naitô,2006.0,2007.0
14,15,Black Mirror,TV-MA,60.0,"['Drama', 'Sci-Fi', 'Thriller']",8.8,"An anthology series exploring a twisted, high-tech multiverse where humanity's greatest innovations and darkest instincts collide.",Daniel Lapaine,Hannah John-Kamen,Michaela Coel,Beatrice Robertson-Jones,2011.0,2019.0
15,16,Fargo,TV-MA,53.0,"['Crime', 'Drama', 'Thriller']",8.9,"Various chronicles of deception, intrigue and murder in and around frozen Minnesota. Yet all of these tales mysteriously lead back one way or another to Fargo, North Dakota.",Billy Bob Thornton,Martin Freeman,Allison Tolman,Colin Hanks,,
16,17,Attack on Titan,TV-MA,24.0,"['Animation', 'Action', 'Adventure']",9.0,"After his hometown is destroyed and his mother is killed, young Eren Jaeger vows to cleanse the earth of the giant humanoid Titans that have brought humanity to the brink of extinction.",Yûki Kaji,Marina Inoue,Josh Grelle,Yui Ishikawa,2013.0,2022.0
17,18,Firefly,TV-14,44.0,"['Adventure', 'Drama', 'Sci-Fi']",9.0,"Five hundred years in the future, a renegade crew aboard a small spacecraft tries to survive as they travel the unknown parts of the galaxy and evade warring factions as well as authority agents out to get them.",Nathan Fillion,Gina Torres,Alan Tudyk,Morena Baccarin,2002.0,2003.0
18,19,Peaky Blinders,TV-MA,60.0,"['Crime', 'Drama']",8.8,"A gangster family epic set in 1900s England, centering on a gang who sew razor blades in the peaks of their caps, and their fierce boss Tommy Shelby.",Cillian Murphy,Paul Anderson,Helen McCrory,Sophie Rundle,2013.0,2022.0
19,20,Narcos,TV-MA,49.0,"['Biography', 'Crime', 'Drama']",8.8,"A chronicled look at the criminal exploits of Colombian drug lord Pablo Escobar, as well as the many other drug kingpins who plagued the country through the years.",Pedro Pascal,Lizbeth Eden,Wagner Moura,Boyd Holbrook,2015.0,2017.0
20,21,Dexter,TV-MA,53.0,"['Crime', 'Drama', 'Mystery']",8.6,"He's smart. He's lovable. He's Dexter Morgan, America's favorite serial killer, who spends his days solving crimes and nights committing them. Golden Globe winner Michael C. Hall stars in the hit SHOWTIME Original Series.",Michael C. Hall,Jennifer Carpenter,David Zayas,James Remar,2006.0,2013.0
21,22,The Mandalorian,TV-14,40.0,"['Action', 'Adventure', 'Fantasy']",8.8,"The travels of a lone bounty hunter in the outer reaches of the galaxy, far from the authority of the New Republic.",Pedro Pascal,Carl Weathers,Barry Lowin,Gina Carano,,
22,23,Better Call Saul,TV-MA,46.0,"['Crime', 'Drama']",8.8,"The trials and tribulations of criminal lawyer Jimmy McGill in the time before he established his strip-mall law office in Albuquerque, New Mexico.",Bob Odenkirk,Rhea Seehorn,Jonathan Banks,Patrick Fabian,2015.0,2022.0
23,24,House of Cards,TV-MA,51.0,['Drama'],8.7,A Congressman works with his equally conniving wife to exact revenge on the people who betrayed him.,Kevin Spacey,Michel Gill,Robin Wright,Kate Mara,2013.0,2018.0
24,25,Dark,TV-MA,60.0,"['Crime', 'Drama', 'Mystery']",8.8,"A family saga with a supernatural twist, set in a German town, where the disappearance of two young children exposes the relationships among four families.",Louis Hofmann,Karoline Eichhorn,Lisa Vicari,Maja Schöne,2017.0,2020.0
25,26,Fullmetal Alchemist: Brotherhood,TV-14,24.0,"['Animation', 'Action', 'Adventure']",9.1,Two brothers search for a Philosopher's Stone after an attempt to revive their deceased mother goes awry and leaves them in damaged physical forms.,Kent Williams,Iemasa Kayumi,Vic Mignogna,Romi Park,2009.0,2012.0
26,27,House,TV-14,44.0,"['Drama', 'Mystery']",8.7,An antisocial maverick doctor who specializes in diagnostic medicine does whatever it takes to solve puzzling cases that come his way using his crack team of doctors and his wits.,Hugh Laurie,Omar Epps,Robert Sean Leonard,Jesse Spencer,2004.0,2012.0
27,28,Arcane,TV-14,41.0,"['Animation', 'Action', 'Adventure']",9.2,"Set in utopian Piltover and the oppressed underground of Zaun, the story follows the origins of two iconic League champions-and the power that will tear them apart.",Hailee Steinfeld,Kevin Alejandro,Jason Spisak,Harry Lloyd,,
28,29,Seinfeld,TV-PG,22.0,['Comedy'],8.8,The continuing misadventures of neurotic New York City stand-up comedian Jerry Seinfeld and his equally neurotic New York City friends.,Jerry Seinfeld,Julia Louis-Dreyfus,Michael Richards,Jason Alexander,1989.0,1998.0
29,30,South Park,TV-MA,22.0,"['Animation', 'Comedy']",8.7,"Follows the misadventures of four irreverent grade-schoolers in the quiet, dysfunctional town of South Park, Colorado.",Trey Parker,Matt Stone,Isaac Hayes,Mona Marshall,,
30,31,Westworld,TV-MA,62.0,"['Drama', 'Mystery', 'Sci-Fi']",8.6,"Set at the intersection of the near future and the reimagined past, explore a world in which every human appetite can be indulged without consequence.",Evan Rachel Wood,Jeffrey Wright,Ed Harris,Thandiwe Newton,,
31,32,The Boys,TV-MA,60.0,"['Action', 'Crime', 'Drama']",8.7,A group of vigilantes set out to take down corrupt superheroes who abuse their superpowers.,Karl Urban,Jack Quaid,Antony Starr,Erin Moriarty,,
32,33,Arrested Development,TV-14,22.0,['Comedy'],8.7,"Level-headed son Michael Bluth takes over family affairs after his father is imprisoned. But the rest of his spoiled, dysfunctional family are making his job unbearable.",Jason Bateman,Michael Cera,Portia de Rossi,Will Arnett,2003.0,2019.0
33,34,Daredevil,TV-MA,54.0,"['Action', 'Crime', 'Drama']",8.6,"A blind lawyer by day, vigilante by night. Matt Murdock fights the crime of New York as Daredevil.",Charlie Cox,Vincent D'Onofrio,Deborah Ann Woll,Elden Henson,2015.0,2018.0
34,35,The Simpsons,TV-PG,22.0,"['Animation', 'Short', 'Comedy']",8.6,The satiric adventures of a working-class family in the misfit city of Springfield.,Dan Castellaneta,Nancy Cartwright,Harry Shearer,Julie Kavner,,
35,36,The Queen's Gambit,TV-MA,395.0,['Drama'],8.6,"Orphaned at the tender age of nine, prodigious introvert Beth Harmon discovers and masters the game of chess in 1960s USA. But child stardom comes at a price.",Anya Taylor-Joy,Chloe Pirrie,Bill Camp,Marielle Heller,2020.0,
36,37,It's Always Sunny in Philadelphia,TV-MA,22.0,['Comedy'],8.8,Five friends with big egos and small brains are the proprietors of an Irish pub in Philadelphia.,Charlie Day,Glenn Howerton,Rob McElhenney,Kaitlin Olson,,
37,38,Vikings,TV-MA,44.0,"['Action', 'Adventure', 'Drama']",8.5,"Vikings transports us to the brutal and mysterious world of Ragnar Lothbrok, a Viking warrior and farmer who yearns to explore - and raid - the distant shores across the ocean.",Katheryn Winnick,Gustaf Skarsgård,Alexander Ludwig,Georgia Hirst,2013.0,2020.0
38,39,Twin Peaks,TV-MA,47.0,"['Crime', 'Drama', 'Mystery']",8.8,An idiosyncratic FBI agent investigates the murder of a young woman in the even more idiosyncratic town of Twin Peaks.,Kyle MacLachlan,Michael Ontkean,Mädchen Amick,Dana Ashbrook,1990.0,1991.0
39,40,Batman: The Animated Series,TV-PG,23.0,"['Animation', 'Action', 'Adventure']",9.0,The Dark Knight battles crime in Gotham City with occasional help from Robin and Batgirl.,Kevin Conroy,Loren Lester,Efrem Zimbalist Jr.,Bob Hastings,1992.0,1995.0
40,41,Mr. Robot,TV-MA,49.0,"['Crime', 'Drama', 'Thriller']",8.5,"Elliot, a brilliant but highly unstable young cyber-security engineer and vigilante hacker, becomes a key figure in a complex game of global dominance when he and his shadowy allies try to take down the corrupt corporation he works for.",Rami Malek,Christian Slater,Carly Chaikin,Martin Wallström,2015.0,2019.0
41,42,The Walking Dead,TV-14,44.0,"['Drama', 'Horror', 'Thriller']",8.2,Sheriff Deputy Rick Grimes wakes up from a coma to learn the world is in ruins and must lead a group of survivors to stay alive.,Andrew Lincoln,Norman Reedus,Melissa McBride,Lauren Cohan,2010.0,2022.0
42,43,How I Met Your Mother,TV-14,22.0,"['Comedy', 'Romance']",8.3,A father recounts to his children - through a series of flashbacks - the journey he and his four best friends took leading up to him meeting their mother.,Josh Radnor,Jason Segel,Cobie Smulders,Neil Patrick Harris,2005.0,2014.0
43,44,Mindhunter,TV-MA,60.0,"['Crime', 'Drama', 'Thriller']",8.6,"Set in the late 1970s, two FBI agents are tasked with interviewing serial killers to solve open cases.",Jonathan Groff,Holt McCallany,Anna Torv,Hannah Gross,2017.0,2019.0
44,45,Downton Abbey,TV-PG,58.0,"['Drama', 'Romance']",8.7,A chronicle of the lives of the British aristocratic Crawley family and their servants in the early twentieth century.,Hugh Bonneville,Phyllis Logan,Elizabeth McGovern,Brendan Coyle,2010.0,2015.0
45,46,When They See Us,TV-MA,296.0,"['Biography', 'Crime', 'Drama']",8.9,Five teens from Harlem become trapped in a nightmare when they're falsely accused of a brutal attack in Central Park. Based on the true story.,Asante Blackk,Caleel Harris,Ethan Herisse,Marquis Rodriguez,2019.0,
46,47,Ted Lasso,TV-MA,30.0,"['Comedy', 'Drama', 'Sport']",8.8,"American college football coach Ted Lasso heads to London to manage AFC Richmond, a struggling English Premier League soccer team.",Jason Sudeikis,Brett Goldstein,Brendan Hunt,Nick Mohammed,,
47,48,One Punch Man,TV-PG,24.0,"['Animation', 'Action', 'Comedy']",8.8,"The story of Saitama, a hero that does it just for fun & can defeat his enemies with a single punch.",Makoto Furukawa,Kaito Ishikawa,Max Mittelman,Zach Aguilar,2015.0,2019.0
48,49,Parks and Recreation,TV-14,22.0,['Comedy'],8.6,The absurd antics of an Indiana town's public officials as they pursue sundry projects to make their city a better place.,Amy Poehler,Jim O'Heir,Nick Offerman,Chris Pratt,2009.0,2015.0
49,50,Cowboy Bebop,TV-14,24.0,"['Animation', 'Action', 'Adventure']",8.9,The futuristic misadventures and tragedies of an easygoing bounty hunter and his partners.,Kôichi Yamadera,Unshô Ishizuka,Megumi Hayashibara,Steve Blum,1998.0,1999.0
50,51,Supernatural,TV-14,44.0,"['Drama', 'Fantasy', 'Horror']",8.4,"Two brothers follow their father's footsteps as hunters, fighting evil supernatural beings of many kinds, including monsters, demons and gods that roam the earth.",Jared Padalecki,Jensen Ackles,Jim Beaver,Misha Collins,2005.0,2020.0
51,52,The Twilight Zone,TV-PG,51.0,"['Drama', 'Fantasy', 'Horror']",9.0,"Ordinary people find themselves in extraordinarily astounding situations, which they each try to solve in a remarkable manner.",Rod Serling,Robert McCord,Jay Overholts,Vaughn Taylor,1959.0,1964.0
52,53,Mad Men,TV-14,47.0,['Drama'],8.6,"A drama about one of New York's most prestigious ad agencies at the beginning of the 1960s, focusing on one of the firm's most mysterious but extremely talented ad executives, Donald Draper.",Jon Hamm,Elisabeth Moss,Vincent Kartheiser,January Jones,2007.0,2015.0
53,54,Hunter x Hunter,TV-14,24.0,"['Animation', 'Action', 'Adventure']",9.0,"Gon Freecss aspires to become a Hunter, an exceptional being capable of greatness. With his friends and his potential, he seeks for his father who left him when he was younger.",Issei Futamata,Megumi Han,Cristina Valenzuela,Mariya Ise,2011.0,2014.0
54,55,Modern Family,TV-PG,22.0,"['Comedy', 'Drama', 'Romance']",8.4,Three different but related families face trials and tribulations in their own uniquely comedic ways.,Ed O'Neill,Sofía Vergara,Julie Bowen,Ty Burrell,2009.0,2020.0
55,56,Rome,TV-MA,52.0,"['Action', 'Drama', 'History']",8.7,A down-to-earth account of the lives of both illustrious and ordinary Romans set in the last days of the Roman Republic.,Kevin McKidd,Ray Stevenson,Polly Walker,Kerry Condon,2005.0,2007.0
56,57,The Haunting of Hill House,TV-MA,572.0,"['Drama', 'Horror', 'Mystery']",8.6,"Flashing between past and present, a fractured family confronts haunting memories of their old home and the terrifying events that drove them from it.",Michiel Huisman,Carla Gugino,Henry Thomas,Elizabeth Reaser,2018.0,
57,58,Suits,TV-14,44.0,"['Comedy', 'Drama']",8.4,"On the run from a drug deal gone bad, brilliant college dropout Mike Ross finds himself working with Harvey Specter, one of New York City's best lawyers.",Gabriel Macht,Patrick J. Adams,Meghan Markle,Sarah Rafferty,2011.0,2019.0
58,59,Lost,TV-14,44.0,"['Adventure', 'Drama', 'Fantasy']",8.3,The survivors of a plane crash are forced to work together in order to survive on a seemingly deserted tropical island.,Jorge Garcia,Josh Holloway,Yunjin Kim,Evangeline Lilly,2004.0,2010.0
59,60,The X-Files,TV-14,45.0,"['Crime', 'Drama', 'Mystery']",8.6,"Two F.B.I. Agents, Fox Mulder the believer and Dana Scully the skeptic, investigate the strange and unexplained, while hidden forces work to impede their efforts.",David Duchovny,Gillian Anderson,Mitch Pileggi,William B. Davis,1993.0,2018.0
60,61,Battlestar Galactica,TV-14,44.0,"['Action', 'Adventure', 'Drama']",8.7,"When an old enemy, the Cylons, resurface and obliterate the 12 colonies, the crew of the aged Galactica protect a small civilian fleet - the last of humanity - as they journey toward the fabled 13th colony, Earth.",Edward James Olmos,Mary McDonnell,Jamie Bamber,James Callis,2004.0,2009.0
61,62,Doctor Who,TV-PG,45.0,"['Adventure', 'Drama', 'Mystery']",8.6,The further adventures in time and space of the alien adventurer known as the Doctor and their companions from planet Earth.,Jodie Whittaker,Peter Capaldi,Pearl Mackie,Matt Smith,,
62,63,Sons of Anarchy,TV-MA,45.0,"['Crime', 'Drama', 'Thriller']",8.5,A biker struggles to balance being a father and being involved in an outlaw motorcycle club.,Charlie Hunnam,Katey Sagal,Mark Boone Junior,Kim Coates,2008.0,2014.0
63,64,Prison Break,TV-14,44.0,"['Action', 'Crime', 'Drama']",8.3,"Due to a political conspiracy, an innocent man is sent to death row and his only hope is his brother, who makes it his mission to deliberately get himself sent to the same prison in order to break the both of them out, from the inside.",Dominic Purcell,Wentworth Miller,Amaury Nolasco,Robert Knepper,2005.0,2017.0
64,65,Gravity Falls,TV-Y7,23.0,"['Animation', 'Action', 'Adventure']",8.9,"Twin siblings Dipper and Mabel Pines spend the summer at their great-uncle's tourist trap in the enigmatic Gravity Falls, Oregon.",Jason Ritter,Alex Hirsch,Kristen Schaal,Linda Cardellini,2012.0,2016.0
65,66,Hannibal,TV-MA,44.0,"['Crime', 'Drama', 'Horror']",8.5,Explores the early relationship between renowned psychiatrist Hannibal Lecter and a young FBI criminal profiler who is haunted by his ability to empathize with serial killers.,Hugh Dancy,Mads Mikkelsen,Caroline Dhavernas,Laurence Fishburne,2013.0,2015.0
66,67,Community,TV-14,22.0,['Comedy'],8.5,A suspended lawyer is forced to enroll in a community college with an eccentric staff and student body.,Joel McHale,Danny Pudi,Donald Glover,Chevy Chase,2009.0,2015.0
67,68,The Crown,TV-MA,58.0,"['Biography', 'Drama', 'History']",8.6,Follows the political rivalries and romance of Queen Elizabeth II's reign and the events that shaped the second half of the twentieth century.,Claire Foy,Olivia Colman,Imelda Staunton,Matt Smith,,
68,69,Freaks and Geeks,TV-14,44.0,"['Comedy', 'Drama']",8.7,A high school mathlete starts hanging out with a group of burnouts while her younger brother navigates his freshman year.,Linda Cardellini,John Francis Daley,James Franco,Samm Levine,1999.0,2000.0
69,70,BoJack Horseman,TV-MA,25.0,"['Animation', 'Comedy', 'Drama']",8.7,"BoJack Horseman was the star of the hit television show ""Horsin' Around"" in the '80s and '90s, but now he's washed up, living in Hollywood, complaining about everything, and wearing colorful sweaters.",Will Arnett,Amy Sedaris,Alison Brie,Aaron Paul,2014.0,2020.0
70,71,Spartacus,TV-MA,55.0,"['Action', 'Adventure', 'Biography']",8.5,"The life of Spartacus, the gladiator who lead a rebellion against the Romans. From his time as an ally of the Romans, to his betrayal and becoming a gladiator, to the rebellion he leads and its ultimate outcome.",Andy Whitfield,Lucy Lawless,Manu Bennett,Daniel Feuerriegel,2010.0,2013.0
71,72,Six Feet Under,TV-MA,60.0,"['Comedy', 'Drama']",8.7,A chronicle of the lives of a dysfunctional family who run an independent funeral home in Los Angeles.,Peter Krause,Michael C. Hall,Frances Conroy,Lauren Ambrose,2001.0,2005.0
72,73,Shameless,TV-MA,46.0,"['Comedy', 'Drama']",8.5,"A scrappy, feisty, fiercely loyal Chicago family makes no apologies.",Emmy Rossum,William H. Macy,Ethan Cutkosky,Jeremy Allen White,2011.0,2021.0
73,74,Fleabag,TV-MA,27.0,"['Comedy', 'Drama']",8.7,A comedy series adapted from the award-winning play about a young woman trying to cope with life in London whilst coming to terms with a recent tragedy.,Phoebe Waller-Bridge,Sian Clifford,Olivia Colman,Jenny Rainsford,2016.0,2019.0
74,75,The Big Bang Theory,TV-PG,22.0,"['Comedy', 'Romance']",8.1,A woman who moves into an apartment across the hall from two brilliant but socially awkward physicists shows them how little they know about life outside of the laboratory.,Johnny Galecki,Jim Parsons,Kaley Cuoco,Simon Helberg,2007.0,2019.0
75,76,Dragon Ball Z,TV-PG,24.0,"['Animation', 'Action', 'Adventure']",8.7,"After learning that he is from another planet, a warrior named Goku and his friends are prompted to defend it from an onslaught of extraterrestrial enemies.",Doc Harris,Christopher Sabat,Scott McNeil,Sean Schemmel,1989.0,2003.0
76,77,The Punisher,TV-MA,53.0,"['Action', 'Crime', 'Drama']",8.5,"After the murder of his family, Marine veteran Frank Castle becomes the vigilante known as ""The Punisher,"" with only one goal in mind: to avenge them.",Jon Bernthal,Amber Rose Revah,Ben Barnes,Jason R. Moore,2017.0,2019.0
77,78,Brooklyn Nine-Nine,TV-14,22.0,"['Comedy', 'Crime']",8.4,"Comedy series following the exploits of Det. Jake Peralta and his diverse, lovable colleagues as they police the NYPD's 99th Precinct.",Andy Samberg,Stephanie Beatriz,Terry Crews,Melissa Fumero,2013.0,2021.0
78,79,One Piece,TV-14,24.0,"['Animation', 'Action', 'Adventure']",8.8,"Follows the adventures of Monkey D. Luffy and his pirate crew in order to find the greatest treasure ever left by the legendary Pirate, Gold Roger. The famous mystery treasure named ""One Piece"".",Mayumi Tanaka,Tony Beck,Laurent Vernin,Akemi Okamura,,
79,80,Curb Your Enthusiasm,TV-MA,28.0,['Comedy'],8.7,The life and times of  and the predicaments he gets himself into with his friends and complete strangers.,Larry David,Cheryl Hines,Jeff Garlin,Susie Essman,,
80,81,Archer,TV-MA,22.0,"['Animation', 'Action', 'Comedy']",8.6,Covert black ops and espionage take a back seat to zany personalities and relationships between secret agents and drones.,H. Jon Benjamin,Judy Greer,Amber Nash,Chris Parnell,,
81,82,Homeland,TV-MA,55.0,"['Crime', 'Drama', 'Mystery']",8.3,A bipolar CIA operative becomes convinced a prisoner of war has been turned by al-Qaeda and is planning to carry out a terrorist attack on American soil.,Claire Danes,Mandy Patinkin,Damian Lewis,Rupert Friend,2011.0,2020.0
82,83,Pride and Prejudice,TV-PG,327.0,"['Drama', 'Romance']",8.8,"While the arrival of wealthy gentlemen sends her marriage-minded mother into a frenzy, willful and opinionated Elizabeth Bennet matches wits with haughty Mr. Darcy.",Colin Firth,Jennifer Ehle,Susannah Harker,Julia Sawalha,1995.0,
83,84,Boardwalk Empire,TV-MA,55.0,"['Crime', 'Drama', 'History']",8.5,An Atlantic City politician plays both sides of the law by conspiring with gangsters during the Prohibition era.,Steve Buscemi,Kelly Macdonald,Michael Shannon,Shea Whigham,2010.0,2014.0
84,85,Big Little Lies,TV-MA,60.0,"['Crime', 'Drama', 'Mystery']",8.5,"The apparently perfect lives of upper-class mothers, at a prestigious elementary school, unravel to the point of murder when a single-mother moves to their quaint Californian beach town.",Reese Witherspoon,Nicole Kidman,Shailene Woodley,Zoë Kravitz,2017.0,2019.0
85,86,Fringe,TV-14,46.0,"['Drama', 'Mystery', 'Sci-Fi']",8.4,An F.B.I. agent is forced to work with an institutionalized scientist and his son in order to rationalize a brewing storm of unexplained phenomena.,Anna Torv,Joshua Jackson,John Noble,Jasika Nicole,2008.0,2013.0
86,87,Cobra Kai,TV-14,30.0,"['Action', 'Comedy', 'Drama']",8.6,"Decades after their 1984 All Valley Karate Tournament bout, a middle-aged Daniel LaRusso and Johnny Lawrence find themselves martial-arts rivals again.",Ralph Macchio,William Zabka,Courtney Henggeler,Xolo Maridueña,,
87,88,Persona,TV-MA,65.0,"['Crime', 'Drama', 'Mystery']",9.1,A man diagnosed with Alzheimer's decides to punish criminals.,Haluk Bilginer,Cansu Dere,Metin Akdülger,Sebnem Bozoklu,2018.0,
88,89,Futurama,TV-14,22.0,"['Animation', 'Adventure', 'Comedy']",8.4,"Philip J. Fry, a pizza delivery boy, is accidentally frozen in 1999 and thawed out on New Year's Eve 2999.",Billy West,John DiMaggio,Katey Sagal,Tress MacNeille,1999.0,2013.0
89,90,Invincible,TV-MA,50.0,"['Animation', 'Action', 'Adventure']",8.7,An adult animated series based on the Skybound/Image comic about a teenager whose father is the most powerful superhero on the planet.,Steven Yeun,J.K. Simmons,Sandra Oh,Zazie Beetz,,
90,91,Money Heist,TV-MA,70.0,"['Action', 'Crime', 'Drama']",8.2,An unusual group of robbers attempt to carry out the most perfect robbery in Spanish history - stealing 2.4 billion euros from the Royal Mint of Spain.,Úrsula Corberó,Álvaro Morte,Itziar Ituño,Pedro Alonso,2017.0,2021.0
91,92,Ozark,TV-MA,60.0,"['Crime', 'Drama', 'Thriller']",8.4,"A financial advisor drags his family from Chicago to the Missouri Ozarks, where he must launder money to appease a drug boss.",Jason Bateman,Laura Linney,Sofia Hublitz,Skylar Gaertner,2017.0,2022.0
92,93,Oz,TV-MA,55.0,"['Crime', 'Drama', 'Thriller']",8.7,A series chronicling the daily activities of an unusual prison facility and its criminal inhabitants.,Ernie Hudson,J.K. Simmons,Lee Tergesen,Dean Winters,1997.0,2003.0
93,94,The Marvelous Mrs. Maisel,TV-MA,57.0,"['Comedy', 'Drama']",8.7,A housewife in 1958 decides to become a stand-up comic.,Rachel Brosnahan,Alex Borstein,Michael Zegen,Marin Hinkle,,
94,95,This Is Us,TV-14,45.0,"['Comedy', 'Drama', 'Romance']",8.6,"A heartwarming and emotional story about a unique set of triplets, their struggles and their wonderful parents.",Milo Ventimiglia,Mandy Moore,Sterling K. Brown,Chrissy Metz,2016.0,2022.0
95,96,The West Wing,TV-14,44.0,['Drama'],8.8,Inside the lives of staffers in the West Wing of the White House.,Martin Sheen,Rob Lowe,Allison Janney,John Spencer,1999.0,2006.0
96,97,The Handmaid's Tale,TV-MA,60.0,"['Drama', 'Sci-Fi', 'Thriller']",8.4,"Set in a dystopian future, a woman is forced to live as a concubine under a fundamentalist theocratic dictatorship.",Elisabeth Moss,Yvonne Strahovski,Joseph Fiennes,Ann Dowd,,
97,98,Fawlty Towers,TV-PG,30.0,['Comedy'],8.7,"Hotel owner Basil Fawlty's incompetence, short fuse, and arrogance form a combination that ensures accidents and trouble are never far away.",John Cleese,Prunella Scales,Andrew Sachs,Connie Booth,1975.0,1979.0
98,99,The Witcher,TV-MA,60.0,"['Action', 'Adventure', 'Drama']",8.2,"Geralt of Rivia, a solitary monster hunter, struggles to find his place in a world where people often prove more wicked than beasts.",Henry Cavill,Freya Allan,Anya Chalotra,Mimi Ndiweni,,
99,100,Star Trek: The Next Generation,TV-PG,44.0,"['Action', 'Adventure', 'Mystery']",8.6,"Set almost 100 years after Captain Kirk's five-year mission, a new generation of Starfleet officers set off in the U.S.S. Enterprise-D on their own mission to go where no one has gone before.",Patrick Stewart,Brent Spiner,Jonathan Frakes,LeVar Burton,1987.0,1994.0
100,101,The Newsroom,TV-MA,55.0,['Drama'],8.6,"A newsroom undergoes some changes in its workings and morals as a new team is brought in, bringing unexpected results for its existing news anchor.",Jeff Daniels,Emily Mortimer,John Gallagher Jr.,Alison Pill,2012.0,2014.0
101,102,The IT Crowd,TV-14,25.0,['Comedy'],8.5,"The comedic misadventures of Roy, Moss and their grifting supervisor Jen, a rag-tag team of IT support workers at a large corporation headed by a hotheaded yuppie.",Chris O'Dowd,Richard Ayoade,Katherine Parkinson,Matt Berry,2006.0,2013.0
102,103,Succession,TV-MA,60.0,['Drama'],8.8,"The Roy family is known for controlling the biggest media and entertainment company in the world. However, their world changes when their father steps down from the company.",Nicholas Braun,Brian Cox,Kieran Culkin,Peter Friedman,,
103,104,Only Fools and Horses,TV-PG,95.0,['Comedy'],8.9,Comedy that follows two brothers from London's rough Peckham estate as they wheel and deal through a number of dodgy deals and search for the big score that'll make them millionaires.,David Jason,Nicholas Lyndhurst,Roger Lloyd Pack,Buster Merryfield,1981.0,2003.0
104,105,Scrubs,TV-14,22.0,"['Comedy', 'Drama']",8.3,"In the unreal world of Sacred Heart Hospital, intern John ""J.D."" Dorian learns the ways of medicine, friendship and life.",Zach Braff,Donald Faison,Sarah Chalke,John C. McGinley,2001.0,2010.0
105,106,Silicon Valley,TV-MA,28.0,['Comedy'],8.5,"Follows the struggle of Richard Hendricks, a Silicon Valley engineer trying to build his own company called Pied Piper.",Thomas Middleditch,T.J. Miller,Josh Brener,Martin Starr,2014.0,2019.0
106,107,The Night Of,TV-MA,525.0,"['Crime', 'Drama', 'Mystery']",8.5,"After a night of partying with a woman he picked up, a man wakes up to find her stabbed to death and is charged with her murder.",Riz Ahmed,John Turturro,Bill Camp,Amara Karan,2016.0,
107,108,Naruto: Shippûden,TV-PG,24.0,"['Animation', 'Action', 'Adventure']",8.6,"Naruto Uzumaki, is a loud, hyperactive, adolescent ninja who constantly searches for approval and recognition, as well as to become Hokage, who is acknowledged as the leader and strongest of all ninja in the village.",Junko Takeuchi,Maile Flanagan,Kate Higgins,Chie Nakamura,2007.0,2017.0
108,109,Sex Education,TV-MA,45.0,"['Comedy', 'Drama']",8.3,A teenage boy with a sex therapist mother teams up with a high school classmate to set up an underground sex therapy clinic at school.,Asa Butterfield,Gillian Anderson,Emma Mackey,Ncuti Gatwa,,
109,110,Spartacus: Gods of the Arena,TV-MA,331.0,"['Action', 'Adventure', 'Biography']",8.5,"In the time before the arrival of Spartacus, the House of Batiatus faces many challenges from competitors, and within its own household.",John Hannah,Manu Bennett,Peter Mensah,Dustin Clare,2011.0,
110,111,Deadwood,TV-MA,55.0,"['Crime', 'Drama', 'History']",8.6,"A show set in the late 1800s, revolving around the characters of Deadwood, South Dakota; a town of deep corruption and crime.",Timothy Olyphant,Ian McShane,Molly Parker,Brad Dourif,2004.0,2006.0
111,112,The Shield,TV-MA,47.0,"['Crime', 'Drama', 'Thriller']",8.7,Follows the lives and cases of a dirty Los Angeles Police Department cop and the unit under his command.,Michael Chiklis,Michael Jace,Jay Karnes,CCH Pounder,2002.0,2008.0
112,113,Person of Interest,TV-14,43.0,"['Action', 'Crime', 'Drama']",8.4,"An ex-CIA agent and a wealthy programmer save lives via a surveillance AI that sends them the identities of civilians involved in impending crimes. However, the details of the crimes, including the civilians' roles, are left a mystery.",Jim Caviezel,Taraji P. Henson,Kevin Chapman,Michael Emerson,2011.0,2016.0
113,114,Loki,TV-14,,"['Action', 'Adventure', 'Fantasy']",8.3,The mercurial villain Loki resumes his role as the God of Mischief in a new series that takes place after the events of “Avengers: Endgame.”,Tom Hiddleston,Owen Wilson,Gugu Mbatha-Raw,Sophia Di Martino,,
114,115,"Love, Death & Robots",TV-MA,15.0,"['Animation', 'Short', 'Action']",8.5,"A collection of animated short stories that span various genres including science fiction, fantasy, horror and comedy.",Scott Whyte,Nolan North,Steven Pacey,Emily O'Brien,,
115,116,The Expanse,TV-14,60.0,"['Drama', 'Mystery', 'Sci-Fi']",8.5,"In the 24th century, a group of humans untangle a vast plot which threatens the Solar System's fragile state of detente.",Steven Strait,Dominique Tipper,Wes Chatham,Shohreh Aghdashloo,,
116,117,Entourage,TV-MA,28.0,"['Comedy', 'Drama']",8.4,Film star Vince Chase navigates the vapid terrain of Los Angeles with a close circle of friends and his trusty agent.,Kevin Connolly,Adrian Grenier,Kevin Dillon,Jerry Ferrara,2004.0,2011.0
117,118,Justified,TV-MA,44.0,"['Action', 'Crime', 'Drama']",8.6,"U.S. Marshal Raylan Givens is reassigned from Miami to his childhood home in the poor, rural coal mining towns of eastern Kentucky.",Timothy Olyphant,Nick Searcy,Joelle Carter,Jacob Pitts,2010.0,2015.0
118,119,Mare of Easttown,TV-MA,60.0,"['Crime', 'Drama', 'Mystery']",8.5,A detective in a small Pennsylvania town investigates a local murder while trying to keep her life from falling apart.,Kate Winslet,Julianne Nicholson,Jean Smart,Angourie Rice,2021.0,
119,120,Steins;Gate,TV-14,24.0,"['Animation', 'Comedy', 'Drama']",8.8,"After discovering time travel, a university student and his colleagues must use their knowledge of it to stop an evil organization and their diabolical plans.",Mamoru Miyano,Asami Imai,Kana Hanazawa,Ashly Burch,2011.0,2015.0
120,121,Adventure Time,TV-PG,11.0,"['Animation', 'Action', 'Adventure']",8.6,"A 12-year-old boy and his best friend, wise 28-year-old dog with magical powers, go on a series of surreal adventures with each other in a remote future.",John DiMaggio,Jeremy Shada,Tom Kenny,Hynden Walch,2010.0,2018.0
121,122,Blackadder Goes Forth,TV-PG,175.0,"['Comedy', 'War']",8.8,"Stuck in the middle of World War I, Captain Edmund Blackadder does his best to escape the banality of the war.",Rowan Atkinson,Tony Robinson,Stephen Fry,Hugh Laurie,1989.0,
122,123,Sacred Games,TV-MA,50.0,"['Action', 'Crime', 'Drama']",8.6,"A link in their pasts leads an honest cop to a fugitive gang boss, whose cryptic warning spurs the officer on a quest to save Mumbai from cataclysm.",Saif Ali Khan,Nawazuddin Siddiqui,Neeraj Kabi,Elnaaz Norouzi,2018.0,2019.0
123,124,Outlander,TV-MA,60.0,"['Drama', 'Fantasy', 'Romance']",8.4,An English combat nurse from 1945 is mysteriously swept back in time to 1743.,Caitriona Balfe,Sam Heughan,Duncan Lacroix,Sophie Skelton,,
124,125,Yellowstone,TV-MA,60.0,"['Drama', 'Western']",8.7,A ranching family in Montana faces off against others encroaching on their land.,Kevin Costner,Luke Grimes,Kelly Reilly,Wes Bentley,,
125,126,The Office,TV-MA,30.0,"['Comedy', 'Drama']",8.5,The story of an office that faces closure when the company decides to downsize its branches. A documentary film crew follow staff and the manager David Brent as they continue their daily lives.,Ricky Gervais,Martin Freeman,Mackenzie Crook,Lucy Davis,2001.0,2003.0
126,127,Over the Garden Wall,TV-PG,22.0,"['Animation', 'Adventure', 'Drama']",8.8,Two brothers find themselves lost in a mysterious land and try to find their way home.,Elijah Wood,Collin Dean,Melanie Lynskey,Christopher Lloyd,2014.0,
127,128,24,TV-14,44.0,"['Action', 'Crime', 'Drama']",8.3,Jack Bauer races against the clock to subvert terrorist plots and save his nation from ultimate disaster.,Kiefer Sutherland,Mary Lynn Rajskub,Carlos Bernard,Dennis Haysbert,2001.0,2014.0
128,129,Schitt's Creek,TV-14,22.0,['Comedy'],8.5,"When rich video-store magnate Johnny Rose and his family suddenly find themselves broke, they are forced to leave their pampered lives to regroup in Schitt's Creek.",Eugene Levy,Catherine O'Hara,Dan Levy,Annie Murphy,2015.0,2020.0
129,130,Squid Game,TV-MA,55.0,"['Action', 'Drama', 'Mystery']",8.0,"Hundreds of cash-strapped players accept a strange invitation to compete in children's games. Inside, a tempting prize awaits with deadly high stakes. A survival game that has a whopping 45.6 billion-won prize at stake.",Lee Jung-jae,Park Hae-soo,Wi Ha-Joon,Jung Hoyeon,,
130,131,Californication,TV-MA,28.0,"['Comedy', 'Drama']",8.3,"A writer tries to juggle his career, his relationship with his daughter and his ex-girlfriend, as well as his appetite for beautiful women.",David Duchovny,Natascha McElhone,Evan Handler,Pamela Adlon,2007.0,2014.0
131,132,Code Geass,TV-14,24.0,"['Animation', 'Action', 'Drama']",8.7,"After being given a mysterious power to control others, an outcast prince becomes the masked leader of the rebellion against an all powerful empire",Jun Fukuyama,Takahiro Sakurai,Johnny Yong Bosch,Yukana,2006.0,2012.0
132,133,Family Guy,TV-14,22.0,"['Animation', 'Comedy']",8.1,"In a wacky Rhode Island town, a dysfunctional family strive to cope with everyday life as they are thrown from one crazy scenario to another.",Seth MacFarlane,Alex Borstein,Seth Green,Mila Kunis,,
133,134,Luther,TV-MA,60.0,"['Crime', 'Drama', 'Mystery']",8.4,DCI John Luther is a near-genius murder detective whose brilliant mind can't always save him from the dangerous violence of his passions.,Idris Elba,Dermot Crowley,Michael Smiley,Warren Brown,2010.0,2019.0
134,135,Demon Slayer: Kimetsu no Yaiba,TV-MA,25.0,"['Animation', 'Action', 'Adventure']",8.7,"A family is attacked by demons and only two members survive - Tanjiro and his sister Nezuko, who is turning into a demon slowly. Tanjiro sets out to become a demon slayer to avenge his family and cure his sister.",Natsuki Hanae,Zach Aguilar,Hiro Shimono,Yoshitsugu Matsuoka,,
135,136,Battlestar Galactica,TV-14,183.0,"['Action', 'Adventure', 'Drama']",8.6,"Following the destruction of the Twelve Colonies of Kobol by the Cylons, a rag-tag fugitive fleet of the last remnants of mankind flees the pursuing Cylons while simultaneously searching for their true home: Earth.",Edward James Olmos,Mary McDonnell,Katee Sackhoff,Jamie Bamber,2003.0,
136,137,Taboo,TV-MA,59.0,"['Drama', 'Mystery', 'Thriller']",8.4,"Adventurer James Keziah Delaney returns to London during the War of 1812 to rebuild his late father's shipping empire. However, both the government and his biggest competitor want his inheritance at any cost - even murder.",Tom Hardy,David Hayman,Jonathan Pryce,Oona Chaplin,,
137,138,Lucifer,TV-14,42.0,"['Crime', 'Drama', 'Fantasy']",8.1,Lucifer Morningstar has decided he's had enough of being the dutiful servant in Hell and decides to spend some time on Earth to better understand humanity. He settles in Los Angeles - the City of Angels.,Tom Ellis,Lauren German,Kevin Alejandro,D.B. Woodside,2016.0,2021.0
138,139,The Legend of Korra,TV-PG,23.0,"['Animation', 'Action', 'Adventure']",8.4,Avatar Korra fights to keep Republic City safe from the evil forces of both the physical and spiritual worlds.,Janet Varney,P.J. Byrne,David Faustino,J.K. Simmons,2012.0,2014.0
139,140,Line of Duty,TV-14,60.0,"['Crime', 'Drama', 'Mystery']",8.7,"Drama series following the investigations of AC-12, a controversial police anti-corruption unit.",Martin Compston,Vicky McClure,Adrian Dunbar,Craig Parkinson,2012.0,2021.0
140,141,Sense8,TV-MA,60.0,"['Drama', 'Mystery', 'Sci-Fi']",8.3,"A group of people around the world are suddenly linked mentally, and must find a way to survive being hunted by those who see them as a threat to the world's order.",Bae Doona,Jamie Clayton,Tina Desai,Tuppence Middleton,2015.0,2018.0
141,142,The Bridge,TV-MA,60.0,"['Crime', 'Mystery', 'Thriller']",8.6,"When a body is found on the bridge between Denmark and Sweden, right on the border, Danish inspector Martin Rohde and Swedish Saga Norén have to share jurisdiction and work together to find the killer.",Sofia Helin,Rafael Pettersson,Sarah Boberg,Dag Malmberg,2011.0,2018.0
142,143,Dekalog,TV-MA,572.0,['Drama'],9.0,"Ten television drama films, each one based on one of the Ten Commandments.",Artur Barcis,Olgierd Lukaszewicz,Olaf Lubaszenko,Aleksander Bardini,1989.0,1990.0
143,144,Friday Night Lights,TV-14,44.0,"['Drama', 'Sport']",8.6,"A drama that follows the lives of the Dillon Panthers, one of the nation's best high school football teams, and their head coach Eric Taylor.",Kyle Chandler,Connie Britton,Zach Gilford,Aimee Teegarden,2006.0,2011.0
144,145,Broadchurch,TV-MA,48.0,"['Crime', 'Drama', 'Mystery']",8.4,"The murder of a young boy in a small coastal town brings a media frenzy, which threatens to tear the community apart.",David Tennant,Olivia Colman,Jodie Whittaker,Andrew Buchan,2013.0,2017.0
145,146,Anne with an E,TV-PG,60.0,"['Drama', 'Family']",8.7,"The adventures of a young orphan girl living in the late 19th century. Follow Anne as she learns to navigate her new life on Prince Edward Island, in this new take on L.M. Montgomery's classic novels.",Amybeth McNulty,Geraldine James,R.H. Thomson,Dalila Bela,2017.0,2019.0
146,147,Atlanta,TV-MA,30.0,"['Comedy', 'Drama', 'Music']",8.6,"Based in Atlanta, Earn and his cousin Alfred try to make their way in the world through the rap scene. Along the way they come face to face with social and economic issues touching on race, relationships, poverty, status, and parenthood.",Donald Glover,Brian Tyree Henry,LaKeith Stanfield,Zazie Beetz,,
147,148,Louie,TV-MA,22.0,"['Comedy', 'Drama']",8.5,"The life of Louie C.K., a divorced comedian living in New York with two kids.",Louis C.K.,Hadley Delany,Ursula Parker,Pamela Adlon,2010.0,2015.0
148,149,The Last Kingdom,TV-MA,60.0,"['Action', 'Drama', 'History']",8.4,"As Alfred the Great defends his kingdom from Norse invaders, Uhtred - born a Saxon but raised by Vikings - seeks to claim his ancestral birthright.",Alexander Dreymon,Eliza Butterworth,Arnas Fedaravicius,Millie Brady,,
149,150,After Life,TV-MA,30.0,"['Comedy', 'Drama']",8.4,"After Tony's wife dies unexpectedly, his nice-guy persona is altered into an impulsive, devil-may-care attitude; taking his old world by storm.",Ricky Gervais,Tom Basden,Tony Way,Diane Morgan,2019.0,2022.0
150,151,Peep Show,TV-MA,25.0,['Comedy'],8.6,Mark and Jez are a couple of twenty-something roommates who have nothing in common - except for the fact that their lives are anything but normal. Mayhem ensues as the pair strive to cope with day-to-day life.,David Mitchell,Robert Webb,Matt King,Olivia Colman,2003.0,2015.0
151,152,What We Do in the Shadows,TV-MA,30.0,"['Comedy', 'Fantasy', 'Horror']",8.6,"A look into the daily (or rather, nightly) lives of three vampires, who've lived together for over 100 years, on Staten Island.",Kayvan Novak,Matt Berry,Natasia Demetriou,Harvey Guillén,,
152,153,Banshee,TV-MA,60.0,"['Action', 'Crime', 'Drama']",8.4,"An ex-con assumes the identity of a murdered sheriff in the small town of Banshee, Pennsylvania, where he has some unfinished business.",Antony Starr,Ivana Milicevic,Ulrich Thomsen,Frankie Faison,2013.0,2016.0
153,154,American Horror Story,TV-MA,60.0,"['Drama', 'Horror', 'Thriller']",8.0,"An anthology series centering on different characters and locations, including a house with a murderous past, an insane asylum, a witch coven, a freak show circus, a haunted hotel, a possessed farmhouse, a cult, the apocalypse, a slasher summer camp, and a bleak beach town and desert valley.",Lady Gaga,Kathy Bates,Angela Bassett,Sarah Paulson,,
154,155,The Americans,TV-MA,44.0,"['Crime', 'Drama', 'Mystery']",8.4,"At the height of the Cold War two Russian agents pose as your average American couple, complete with family.",Keri Russell,Matthew Rhys,Keidrich Sellati,Holly Taylor,2013.0,2018.0
155,156,American Crime Story,TV-MA,42.0,"['Biography', 'Crime', 'Drama']",8.4,An anthology series centered around America's most notorious crimes and criminals.,Sarah Paulson,Annaleigh Ashford,Sterling K. Brown,Kenneth Choi,,
156,157,Orange Is the New Black,TV-MA,59.0,"['Comedy', 'Crime', 'Drama']",8.0,"Convicted of a decade old crime of transporting drug money to an ex-girlfriend, normally law-abiding Piper Chapman is sentenced to a year and a half behind bars to face the reality of how life-changing prison can really be.",Taylor Schilling,Danielle Brooks,Taryn Manning,Emma Myles,2013.0,2019.0
157,158,Stargate SG-1,TV-14,44.0,"['Action', 'Adventure', 'Drama']",8.4,"A secret military team, SG-1, is formed to explore other planets through the recently discovered Stargates.",Richard Dean Anderson,Michael Shanks,Amanda Tapping,Christopher Judge,1997.0,2007.0
158,159,Unbelievable,TV-MA,385.0,"['Crime', 'Drama']",8.4,"A teenager is charged with lying about having been raped, but two detectives follow the path to the truth.",Kaitlyn Dever,Toni Collette,Merritt Wever,Blake Ellis,2019.0,
159,160,Fullmetal Alchemist,TV-PG,24.0,"['Animation', 'Action', 'Adventure']",8.5,"When a failed alchemical ritual leaves brothers Edward and Alphonse Elric with severely damaged bodies, they begin searching for the one thing that can save them; the fabled philosopher's stone.",Vic Mignogna,Aaron Dismuke,Romi Park,Rie Kugimiya,2003.0,2004.0
160,161,The Inbetweeners,TV-14,25.0,['Comedy'],8.4,Follows four friends and their antics during their final years of school.,Simon Bird,James Buckley,Blake Harrison,Joe Thomas,2008.0,2010.0
161,162,Billions,TV-MA,60.0,['Drama'],8.4,"U.S. Attorney Chuck Rhoades goes after hedge fund king Bobby ""Axe"" Axelrod in a battle between two powerful New York figures.",Paul Giamatti,Damian Lewis,Maggie Siff,David Costabile,,
162,163,Euphoria,TV-MA,55.0,['Drama'],8.4,"A look at life for a group of high school students as they grapple with issues of drugs, sex, and violence.",Zendaya,Hunter Schafer,Sydney Sweeney,Jacob Elordi,,
163,164,Twin Peaks,TV-MA,60.0,"['Crime', 'Drama', 'Horror']",8.5,Picks up 25 years after the inhabitants of a quaint northwestern town are stunned when their homecoming queen is murdered.,Kyle MacLachlan,Sheryl Lee,Michael Horse,Chrysta Bell,2017.0,
164,165,Orphan Black,TV-MA,44.0,"['Drama', 'Sci-Fi', 'Thriller']",8.3,A streetwise hustler is pulled into a compelling conspiracy after witnessing the suicide of a girl who looks just like her.,Tatiana Maslany,Dylan Bruce,Jordan Gavaris,Kevin Hanchard,2013.0,2017.0
165,166,The Pacific,TV-MA,530.0,"['Action', 'Adventure', 'Drama']",8.3,"The Pacific Theatre of World War II, as seen through the eyes of several young Marines.",James Badge Dale,Joseph Mazzello,Jon Seda,Ashton Holmes,2010.0,
166,167,Buffy the Vampire Slayer,TV-14,44.0,"['Action', 'Drama', 'Fantasy']",8.2,"A young woman, destined to slay vampires, demons and other infernal creatures, deals with her life fighting evil, with the help of her friends.",Sarah Michelle Gellar,Nicholas Brendon,Alyson Hannigan,Anthony Head,1997.0,2003.0
167,168,The Good Place,TV-PG,22.0,"['Comedy', 'Drama', 'Fantasy']",8.2,Four people and their otherworldly frienemy struggle in the afterlife to define what it means to be good.,Kristen Bell,William Jackson Harper,Jameela Jamil,D'Arcy Carden,2016.0,2020.0
168,169,Neon Genesis Evangelion,TV-MA,24.0,"['Animation', 'Action', 'Drama']",8.5,A teenage boy finds himself recruited as a member of an elite team of pilots by his father.,Megumi Ogata,Megumi Hayashibara,Kotono Mitsuishi,Spike Spencer,1995.0,1996.0
169,170,Criminal Minds,TV-14,42.0,"['Crime', 'Drama', 'Mystery']",8.1,"The cases of the F.B.I. Behavioral Analysis Unit (B.A.U.), an elite group of profilers who analyze the nation's most dangerous serial killers and individual heinous crimes in an effort to anticipate their next moves before they strike again.",Matthew Gray Gubler,Kirsten Vangsness,A.J. Cook,Joe Mantegna,2005.0,2020.0
170,171,WandaVision,TV-PG,350.0,"['Action', 'Comedy', 'Drama']",8.0,"Blends the style of classic sitcoms with the MCU, in which Wanda Maximoff and Vision - two super-powered beings living their ideal suburban lives - begin to suspect that everything is not as it seems.",Elizabeth Olsen,Paul Bettany,Kathryn Hahn,Teyonah Parris,2021.0,
171,172,Das Boot,TV-MA,293.0,"['Drama', 'War']",8.8,A World War II German U-Boat crew have a terrifying patrol mission in the early days of the war.,Jürgen Prochnow,Herbert Grönemeyer,Klaus Wennemann,Hubertus Bengsch,1985.0,1987.0
172,173,Chuck,TV-14,43.0,"['Action', 'Comedy', 'Drama']",8.2,"When a twenty-something computer geek inadvertently downloads critical government secrets into his brain, the C.I.A. and the N.S.A. assign two agents to protect him and exploit such knowledge, turning his life upside down.",Zachary Levi,Yvonne Strahovski,Joshua Gomez,Vik Sahay,2007.0,2012.0
173,174,The Mentalist,TV-14,43.0,"['Crime', 'Drama', 'Mystery']",8.1,"A famous ""psychic"" outs himself as a fake, and starts working as a consultant for the California Bureau of Investigation so he can find ""Red John"", the madman who killed his wife and daughter.",Simon Baker,Robin Tunney,Tim Kang,Owain Yeoman,2008.0,2015.0
174,175,Narcos: Mexico,TV-MA,50.0,"['Crime', 'Drama']",8.4,The rise of the Guadalajara Cartel as an American DEA agent learns the danger of targeting narcos in Mexico.,Scoot McNairy,José María Yazpik,Alejandro Edda,Alfonso Dosal,2018.0,2021.0
175,176,Black Books,TV-PG,25.0,['Comedy'],8.5,"Bernard Black runs a book shop, though his customer service skills leave something to be desired. He hires Manny as an employee. Fran runs the shop next door. Between the three of them many adventures ensue.",Dylan Moran,Bill Bailey,Tamsin Greig,Paul Beech,2000.0,2004.0
176,177,The Originals,TV-14,45.0,"['Drama', 'Fantasy', 'Horror']",8.2,A family of power-hungry thousand-year-old vampires look to take back the city that they built and dominate all those who have done them wrong.,Joseph Morgan,Daniel Gillies,Claire Holt,Phoebe Tonkin,2013.0,2018.0
177,178,Jujutsu Kaisen,TV-MA,24.0,"['Animation', 'Action', 'Adventure']",8.7,A boy swallows a cursed talisman - the finger of a demon - and becomes cursed himself. He enters a shaman's school to be able to locate the demon's other body parts and thus exorcise himself.,Junya Enoki,Adam McArthur,Yûichi Nakamura,Yuma Uchida,,
178,179,White Collar,TV-PG,40.0,"['Comedy', 'Crime', 'Drama']",8.2,"A white-collar criminal agrees to help the FBI catch other white-collar criminals using his expertise as an art and securities thief, counterfeiter, and conman.",Matt Bomer,Tim DeKay,Willie Garson,Tiffani Thiessen,2009.0,2014.0
179,180,Gomorrah,TV-MA,55.0,"['Crime', 'Drama', 'Thriller']",8.7,Ciro disregards tradition in his attempt to become the next boss of his crime syndicate. The internal power struggle puts him and his entire family's life at risk.,Salvatore Esposito,Marco D'Amore,Ivana Lotito,Cristiana Dell'Anna,2014.0,2021.0
180,181,The End of the F***ing World,TV-MA,25.0,"['Adventure', 'Comedy', 'Crime']",8.1,"James is 17 and is pretty sure he is a psychopath. Alyssa, also 17, is the cool and moody new girl at school. The pair make a connection and she persuades him to embark on a road trip in search of her real father.",Jessica Barden,Alex Lawther,Steve Oram,Christine Bottomley,2017.0,2019.0
181,182,The Blacklist,TV-14,43.0,"['Crime', 'Drama', 'Mystery']",8.0,"A new FBI profiler, Elizabeth Keen, has her entire life uprooted when a mysterious criminal, Raymond Reddington, who has eluded capture for decades, turns himself in and insists on speaking only to her.",James Spader,Megan Boone,Diego Klattenhoff,Ryan Eggold,,
182,183,Berserk,TV-14,23.0,"['Animation', 'Action', 'Adventure']",8.7,"Guts is a skilled swordsman who joins forces with a mercenary group named 'The Band of the Hawk', lead by the charismatic Griffith, and fights with them as they battle their way into the royal court.",Marc Diraison,Nobutoshi Canna,Carrie Keranen,Kevin T. Collins,1997.0,1998.0
183,184,Psych,TV-PG,44.0,"['Comedy', 'Crime', 'Mystery']",8.3,"A novice sleuth is hired by the Police after he cons them into thinking he has psychic powers which help solve crimes. With the assistance of his reluctant best friend, the duo take on a series of complicated cases.",James Roday Rodriguez,Dulé Hill,Timothy Omundson,Corbin Bernsen,2006.0,2014.0
184,185,Poirot,TV-14,100.0,"['Crime', 'Drama', 'Mystery']",8.6,"The cases of eccentric, but sharp, Belgian detective Hercule Poirot.",David Suchet,Hugh Fraser,Philip Jackson,Pauline Moran,1989.0,2013.0
185,186,Ash vs Evil Dead,TV-MA,30.0,"['Action', 'Comedy', 'Horror']",8.4,"Ash has spent the last thirty years avoiding responsibility, maturity, and the terrors of the Evil Dead until a Deadite plague threatens to destroy all of mankind and Ash becomes mankind's only hope.",Bruce Campbell,Ray Santiago,Dana DeLorenzo,Lucy Lawless,2015.0,2018.0
186,187,Spaced,TV-14,25.0,"['Action', 'Comedy']",8.5,"Friends Tim and Daisy, 20-something North Londoners with uncertain futures, must pretend to be a couple to live in the only apartment they can afford.",Simon Pegg,Jessica Hynes,Julia Deakin,Nick Frost,1999.0,2001.0
187,188,The Leftovers,TV-MA,60.0,"['Drama', 'Fantasy', 'Mystery']",8.3,"Three years after the disappearance of 2% of the global human population, a group of people in a small New York community try to continue their lives while coping with the tragedy of the unexplained nature of the event.",Justin Theroux,Amy Brenneman,Christopher Eccleston,Liv Tyler,2014.0,2017.0
188,189,30 Rock,TV-14,22.0,['Comedy'],8.2,"Liz Lemon, head writer of the sketch comedy show ""TGS with Tracy Jordan"", must deal with an arrogant new boss and a crazy new star, all while trying to run a successful television show without losing her mind.",Tina Fey,Alec Baldwin,Tracy Morgan,Jack McBrayer,2006.0,2013.0
189,190,Penny Dreadful,TV-MA,60.0,"['Drama', 'Fantasy', 'Horror']",8.2,"Explorer Sir Malcolm Murray, American gunslinger Ethan Chandler, scientist Victor Frankenstein and medium Vanessa Ives unite to combat supernatural threats in Victorian London.",Josh Hartnett,Timothy Dalton,Eva Green,Reeve Carney,2014.0,2016.0
190,191,Normal People,TV-14,339.0,"['Drama', 'Romance']",8.5,"Follows Marianne and Connell, from different backgrounds but the same small town in Ireland, as they weave in and out of each other's romantic lives.",Daisy Edgar-Jones,Paul Mescal,Desmond Eastwood,Aislín McGuckin,2020.0,
191,192,Generation Kill,TV-MA,70.0,"['Drama', 'War']",8.5,"A Rolling Stone reporter, embedded with The 1st Recon Marines chronicles his experiences during the first wave of the American-led assault on Baghdad in 2003.",Alexander Skarsgård,James Ransone,Lee Tergesen,Jon Huertas,2008.0,
192,193,Maid,TV-MA,545.0,['Drama'],8.4,"After fleeing an abusive relationship, a young mother finds a job cleaning houses as she fights to provide for her child and build them a better future.",Margaret Qualley,Nick Robinson,Rylea Nevaeh Whittet,Andie MacDowell,2021.0,
193,194,Naruto,TV-PG,24.0,"['Animation', 'Action', 'Adventure']",8.3,"Naruto Uzumaki, a mischievous adolescent ninja, struggles as he searches for recognition and dreams of becoming the Hokage, the village's leader and strongest ninja.",Junko Takeuchi,Maile Flanagan,Kate Higgins,Chie Nakamura,2002.0,2007.0
194,195,Castle,TV-14,43.0,"['Comedy', 'Crime', 'Drama']",8.1,"After a serial killer imitates the plots of his novels, successful mystery novelist Richard ""Rick"" Castle receives permission from the Mayor of New York City to tag along with an NYPD homicide investigation team for research purposes.",Nathan Fillion,Stana Katic,Susan Sullivan,Jon Huertas,2009.0,2016.0
195,196,Vinland Saga,TV-MA,24.0,"['Animation', 'Action', 'Adventure']",8.8,Thorfinn pursues a journey with his father's killer in order to take revenge and end his life in a duel as an honorable warrior and pay his father a homage.,Keith Silverstein,Zach Aguilar,Ben Diskin,Ray Chase,,
196,197,Gilmore Girls,TV-PG,44.0,"['Comedy', 'Drama']",8.2,"A dramedy centering around the relationship between a thirtysomething single mother and her teen daughter living in Stars Hollow, Connecticut.",Lauren Graham,Alexis Bledel,Keiko Agena,Scott Patterson,2000.0,2007.0
197,198,Samurai Jack,TV-14,25.0,"['Animation', 'Action', 'Adventure']",8.5,"A samurai, sent through time, fights to return home and save the world.",Phil LaMarr,Mako,Kevin Michael Richardson,Jeff Bennett,2001.0,2017.0
198,199,Father Ted,TV-14,25.0,['Comedy'],8.6,"Three misfit priests and their housekeeper live on Craggy Island, not the peaceful and quiet part of Ireland that it seems to be.",Dermot Morgan,Ardal O'Hanlon,Frank Kelly,Pauline McLynn,1995.0,1998.0
199,200,The Morning Show,TV-MA,60.0,['Drama'],8.3,"An inside look at the lives of the people who help America wake up in the morning, exploring the unique challenges faced by the men and women who carry out this daily televised ritual.",Jennifer Aniston,Reese Witherspoon,Billy Crudup,Mark Duplass,,
200,201,Ray Donovan,TV-MA,60.0,"['Crime', 'Drama']",8.3,"Ray Donovan, a professional ""fixer"" for the rich and famous in Los Angeles, can make anyone's problems disappear except those created by his own family.",Liev Schreiber,Eddie Marsan,Dash Mihok,Pooch Hall,2013.0,2020.0
201,202,Watchmen,TV-MA,527.0,"['Crime', 'Drama', 'Mystery']",8.2,"Set in an alternate history where masked vigilantes are treated as outlaws, Watchmen embraces the nostalgia of the original groundbreaking graphic novel of the same name, while attempting to break new ground of its own.",Regina King,Yahya Abdul-Mateen II,Tom Mison,Sara Vickers,2019.0,
202,203,How to Get Away with Murder,TV-14,43.0,"['Crime', 'Drama', 'Mystery']",8.1,A group of ambitious law students and their brilliant criminal defense professor become involved in a twisted murder plot that promises to change the course of their lives.,Viola Davis,Billy Brown,Jack Falahee,Aja Naomi King,2014.0,2020.0
203,204,The Killing,TV-14,45.0,"['Crime', 'Drama', 'Mystery']",8.2,"A police investigation, the saga of a grieving family, and a Seattle mayoral campaign all interlock after the body of 17-year-old Rosie Larsen is found in the trunk of a submerged car.",Mireille Enos,Joel Kinnaman,Billy Campbell,Liam James,2011.0,2014.0
204,205,The Umbrella Academy,TV-14,60.0,"['Action', 'Adventure', 'Comedy']",8.0,"A family of former child heroes, now grown apart, must reunite to continue to protect the world.",Elliot Page,Tom Hopper,David Castañeda,Emmy Raver-Lampman,,
205,206,Atypical,TV-MA,30.0,"['Comedy', 'Drama']",8.3,"Sam, an 18-year-old on the autism spectrum, decides it's time to find a girlfriend, a journey that sets Sam's mom on her own life-changing path as her son seeks more independence.",Jennifer Jason Leigh,Keir Gilchrist,Brigette Lundy-Paine,Michael Rapaport,2017.0,2021.0
206,207,Star Trek: The Original Series,TV-PG,50.0,"['Action', 'Adventure', 'Sci-Fi']",8.3,"In the 23rd Century, Captain James T. Kirk and the crew of the U.S.S. Enterprise explore the galaxy and defend the United Federation of Planets.",William Shatner,Leonard Nimoy,DeForest Kelley,Nichelle Nichols,1966.0,1969.0
207,208,Young Justice,TV-PG,23.0,"['Animation', 'Action', 'Adventure']",8.6,Teenage superheroes strive to prove themselves as members of the Justice League.,Nolan North,Danica McKellar,Stephanie Lemelin,Jesse McCartney,,
208,209,The Knick,TV-MA,58.0,"['Drama', 'History']",8.5,A look at the professional and personal lives of the staff at New York's Knickerbocker Hospital during the early part of the twentieth century.,André Holland,Clive Owen,Jeremy Bobb,Juliet Rylance,2014.0,2015.0
209,210,Bosch,TV-MA,51.0,"['Crime', 'Drama']",8.4,An L.A.P.D. homicide detective works to solve the murder of a thirteen-year-old boy while standing trial in federal court for the murder of a serial killer.,Titus Welliver,Jamie Hector,Amy Aquino,Lance Reddick,2014.0,2021.0
210,211,Dexter: New Blood,TV-MA,,"['Crime', 'Drama', 'Mystery']",8.9,"Set 10 years after Dexter Morgan went missing in the eye of Hurricane Laura, he is now living under an assumed name in Upstate New York, Iron Lake, far from his original home in Miami.",Michael C. Hall,Jack Alcott,Julia Jones,Johnny Sequoyah,2021.0,2022.0
211,212,Star Wars: The Clone Wars,TV-PG,23.0,"['Animation', 'Action', 'Adventure']",8.3,Jedi Knights lead the Grand Army of the Republic against the droid army of the Separatists.,Tom Kane,Dee Bradley Baker,Matt Lanter,James Arnold Taylor,2008.0,2020.0
212,213,Killing Eve,TV-14,42.0,"['Action', 'Adventure', 'Drama']",8.2,"After a series of events, the lives of a security operative and an assassin become inextricably linked.",Jodie Comer,Sandra Oh,Fiona Shaw,Kim Bodnia,2018.0,2022.0
213,214,Samurai Champloo,TV-MA,24.0,"['Animation', 'Action', 'Adventure']",8.5,"Fuu, a waitress who works in a teahouse, rescues two master swordsmen, Mugen and Jin, from their execution to help her find the ""samurai who smells of sunflowers.""",Kazuya Nakai,Ginpei Sato,Ayako Kawasumi,Steve Blum,2004.0,2005.0
214,215,Black Sails,TV-MA,56.0,"['Adventure', 'Drama']",8.2,"Follows Captain Flint and his pirates twenty years prior to Robert Louis Stevenson's classic novel ""Treasure Island.""",Jessica Parker Kennedy,Toby Stephens,Hannah New,Zach McGowan,2014.0,2017.0
215,216,Coupling,TV-14,30.0,"['Comedy', 'Romance']",8.5,Six best friends talk about all aspects of sex and relationships on their never-ending quest to find true love.,Jack Davenport,Gina Bellman,Sarah Alexander,Kate Isitt,2000.0,2004.0
216,217,Justice League,TV-PG,22.0,"['Animation', 'Action', 'Adventure']",8.5,Seven of the most formidable heroes form arguably the most powerful team ever.,Carl Lumbly,Phil LaMarr,Michael Rosenbaum,George Newbern,2001.0,2004.0
217,218,Misfits,TV-MA,60.0,"['Comedy', 'Drama', 'Fantasy']",8.2,"A group of young offenders doing community service get struck by lightning during a storm, and begin to develop superpowers.",Nathan Stewart-Jarrett,Joe Gilgun,Iwan Rheon,Lauren Socha,2009.0,2013.0
218,219,The Good Wife,TV-14,43.0,"['Crime', 'Drama', 'Mystery']",8.3,"Alicia Florrick (Julianna Margulies) has been a good wife to her husband, a former state's attorney. After a very humiliating sex and corruption scandal, he is behind bars. She must now provide for her family and returns to work as a litigator in a law firm.",Julianna Margulies,Chris Noth,Josh Charles,Matt Czuchry,2009.0,2016.0
219,220,Dr. Horrible's Sing-Along Blog,TV-PG,42.0,"['Short', 'Comedy', 'Musical']",8.5,An aspiring supervillain must balance his career and his pursuit of a beautiful do-gooder.,Neil Patrick Harris,Nathan Fillion,Felicia Day,Simon Helberg,2008.0,
220,221,Master of None,TV-MA,30.0,"['Comedy', 'Drama']",8.3,"The personal and professional life of Dev, a 30-year-old actor in New York.",Aziz Ansari,Eric Wareheim,Lena Waithe,Noël Wells,,
221,222,Veronica Mars,TV-14,44.0,"['Crime', 'Drama', 'Mystery']",8.3,"After her best friend is murdered, and her father is removed as county Sheriff, Veronica Mars dedicates her life to cracking the toughest mysteries in the affluent town of Neptune.",Kristen Bell,Jason Dohring,Enrico Colantoni,Percy Daggs III,2004.0,2019.0
222,223,M*A*S*H,TV-PG,25.0,"['Comedy', 'Drama', 'War']",8.4,The staff of an Army hospital in the Korean War find that laughter is the best way to deal with their situation.,Alan Alda,Wayne Rogers,Loretta Swit,Jamie Farr,1972.0,1983.0
223,224,It's a Sin,TV-MA,239.0,"['Comedy', 'Drama', 'History']",8.7,"A chronicle of four friends during a decade in which everything changed, including the rise of AIDS.",Olly Alexander,Nathaniel Curtis,Shaun Dooley,Omari Douglas,2021.0,
224,225,The Bugs Bunny Show,TV-G,30.0,"['Animation', 'Comedy']",8.6,TV series featuring the classic Looney Tunes animated shorts.,Mel Blanc,June Foray,Jim Backus,Hal Smith,1960.0,1975.0
225,226,SpongeBob SquarePants,TV-Y,23.0,"['Animation', 'Comedy', 'Family']",8.2,"The misadventures of a talking sea sponge who works at a fast food restaurant, attends a boating school, and lives in an underwater pineapple.",Tom Kenny,Bill Fagerbakke,Rodger Bumpass,Clancy Brown,,
226,227,That '70s Show,TV-14,22.0,"['Comedy', 'Drama', 'Romance']",8.0,"A comedy revolving around a group of teenage friends, their mishaps, and their coming of age, set in 1970s Wisconsin.",Topher Grace,Laura Prepon,Mila Kunis,Danny Masterson,1998.0,2006.0
227,228,Trailer Park Boys,TV-MA,30.0,"['Comedy', 'Crime']",8.5,Three petty felons have a documentary made about their life in a trailer park.,John Paul Tremblay,Robb Wells,Mike Smith,John Dunsworth,2001.0,2018.0
228,229,North & South,TV-PG,235.0,"['Drama', 'Romance']",8.6,"North and South is a four part adaptation of Elizabeth Gaskell's love story of Margaret Hale, a middle class southerner who is forced to move to the northern town of Milton.",Daniela Denby-Ashe,Richard Armitage,Tim Pigott-Smith,Sinéad Cusack,2004.0,
229,230,Skam,Not Rated,30.0,"['Drama', 'Romance']",8.6,"The story of young teenagers and pupils on Hartvig Nissens upper secondary school in Oslo, and their troubles, scandals and everyday life. Each season is told from a different person's point of view.",Josefine Frida Pettersen,Iman Meskini,Ulrikke Falch,Lisa Teige,2015.0,2017.0
230,231,Legion,TV-MA,60.0,"['Action', 'Drama', 'Sci-Fi']",8.2,"David Haller is a troubled young man diagnosed as schizophrenic, but after a strange encounter, he discovers special powers that will change his life forever.",Dan Stevens,Rachel Keller,Aubrey Plaza,Bill Irwin,2017.0,2019.0
231,232,Altered Carbon,TV-MA,60.0,"['Action', 'Drama', 'Sci-Fi']",8.0,"Set in a future where consciousness is digitized and stored, a prisoner returns to life in a new body and must solve a mind-bending murder to win his freedom.",Chris Conner,Renée Elise Goldsberry,Dichen Lachman,Will Yun Lee,2018.0,2020.0
232,233,My Hero Academia,TV-14,24.0,"['Animation', 'Action', 'Adventure']",8.4,A superhero-loving boy without any powers is determined to enroll in a prestigious hero academy and learn what it really means to be a hero.,Daiki Yamashita,Nobuhiko Okamoto,Ayane Sakura,Justin Briner,,
233,234,Erased,TV-14,264.0,"['Animation', 'Drama', 'Fantasy']",8.5,"29-year-old Satoru Fujinuma is sent back in time 18 years to prevent the events leading to his mother's death, which began with a series of kidnappings while he was in 5th grade.",Ben Diskin,Tao Tsuchiya,Michelle Ruff,Shinnosuke Mitsushima,2016.0,
234,235,Jessica Jones,TV-MA,56.0,"['Action', 'Crime', 'Drama']",7.9,"Following the tragic end of her brief superhero career, Jessica Jones tries to rebuild her life as a private investigator, dealing with cases involving people with remarkable abilities in New York City.",Krysten Ritter,Rachael Taylor,Eka Darville,Carrie-Anne Moss,2015.0,2019.0
235,236,Bodyguard,TV-MA,60.0,"['Crime', 'Drama', 'Thriller']",8.1,A contemporary thriller featuring the Royalty and Specialist Protection Branch of London's Metropolitan Police Service.,Richard Madden,Sophie Rundle,Vincent Franklin,Ash Tandon,2018.0,
236,237,11.22.63,TV-MA,60.0,"['Drama', 'Mystery', 'Romance']",8.2,A high school teacher travels back in time to prevent John F. Kennedy's assassination.,James Franco,Sarah Gadon,George MacKay,Chris Cooper,2016.0,
237,238,Skins,TV-MA,46.0,['Drama'],8.2,The story of a group of British teens who are trying to grow up and find love and happiness despite questionable parenting and teachers who more want to be friends (and lovers) rather than authority figures.,Kaya Scodelario,Nicholas Hoult,Joe Dempsie,Hannah Murray,2007.0,2013.0
238,239,Regular Show,TV-PG,23.0,"['Animation', 'Action', 'Adventure']",8.5,The daily surreal adventures of a blue jay and raccoon duo that attempt to deal with their mundane jobs as groundskeepers at the local park.,J.G. Quintel,William Salyers,Sam Marin,Mark Hamill,2009.0,2017.0
239,240,Godless,TV-MA,452.0,"['Action', 'Drama', 'Western']",8.3,"In the 1880s American West, murderous outlaw gang leader Frank Griffin hunts for ex-protege Roy Goode. Frank's chase leads him to La Belle, New Mexico--a town inhabited, after a mining disaster, almost entirely by women.",Jack O'Connell,Michelle Dockery,Scoot McNairy,Merritt Wever,2017.0,
240,241,The Thick of It,TV-MA,29.0,['Comedy'],8.7,"Set in the corridors of power and spin, the Minister for Social Affairs is continually harassed by Number 10's policy enforcer and dependent on his not-so-reliable team of civil servants.",Chris Addison,James Smith,Peter Capaldi,Joanna Scanlan,2005.0,2012.0
241,242,Bates Motel,TV-MA,45.0,"['Drama', 'Horror', 'Mystery']",8.1,"A contemporary prequel to Psycho, giving a portrayal of how Norman Bates' psyche unravels through his teenage years, and how deeply intricate his relationship with his mother, Norma, truly is.",Vera Farmiga,Freddie Highmore,Max Thieriot,Nicola Peltz,2013.0,2017.0
242,243,Tom Clancy's Jack Ryan,TV-MA,60.0,"['Action', 'Drama', 'Thriller']",8.1,"An up-and-coming CIA analyst, Jack Ryan, is thrust into a dangerous field assignment as he uncovers a pattern in terrorist communication that launches him into the center of a dangerous gambit.",John Krasinski,Wendell Pierce,John Hoogenakker,Abbie Cornish,,
243,244,Lonesome Dove,TV-14,384.0,"['Adventure', 'Drama', 'Western']",8.7,Two former Texas Rangers renew their spirit of adventure as they and several other residents of a small Texas town join a cattle drive to the Montana Territory.,Robert Duvall,Tommy Lee Jones,Danny Glover,Diane Lane,1989.0,
244,245,Boston Legal,TV-14,44.0,"['Comedy', 'Crime', 'Drama']",8.4,"Boston Legal is a spin-off of the long-running David E. Kelley series The Practice (1997), following the exploits of former Practice character Alan Shore (James Spader) at the legal firm of Crane, Poole, and Schmidt.",James Spader,William Shatner,Candice Bergen,Rene Auberjonois,2004.0,2008.0
245,246,Utopia,TV-MA,50.0,"['Drama', 'Mystery', 'Sci-Fi']",8.4,"After a group of people, who meet online, discover a bizarre graphic novel which seems to hold mysterious answers, they find themselves being tracked down by a merciless organization known merely as 'The Network'.",Adeel Akhtar,Paul Higgins,Neil Maskell,Fiona O'Shaughnessy,2013.0,2014.0
246,247,The Adventures of Sherlock Holmes,TV-PG,60.0,"['Crime', 'Drama', 'Mystery']",8.7,"Sherlock Holmes and Dr Watson solve the mysteries of copper beeches, a Greek interpreter, the Norwood builder, a resident patient, the red-headed league, and one final problem.",Jeremy Brett,David Burke,Rosalie Williams,Eric Porter,1984.0,1985.0
247,248,Carnivàle,TV-MA,55.0,"['Drama', 'Fantasy', 'Mystery']",8.4,"During the Great Depression, an Oklahoma farm boy and a charismatic minister learn that they are key players in a proxy war being fought between Heaven and Hell.",Michael J. Anderson,Adrienne Barbeau,Clancy Brown,Debra Christofferson,2003.0,2005.0
248,249,Castlevania,TV-MA,23.0,"['Animation', 'Action', 'Adventure']",8.3,A vampire hunter fights to save a besieged city from an army of otherworldly creatures controlled by Dracula.,Richard Armitage,James Callis,Alejandra Reynoso,Theo James,2017.0,2021.0
249,250,True Blood,TV-MA,55.0,"['Drama', 'Fantasy', 'Mystery']",7.8,"Telepathic waitress Sookie Stackhouse encounters a strange new supernatural world when she meets the mysterious Bill Compton, a southern Louisiana gentleman and vampire.",Anna Paquin,Stephen Moyer,Sam Trammell,Ryan Kwanten,2008.0,2014.0
